Country,telephone_fixed_subscriptions_total,mobile_cellular_subscriptions_total,internet_country_code,internet_users_total,broadband_fixed_subscriptions_total,Total_Population,Population_Growth_Rate,Birth_Rate,Death_Rate,Net_Migration_Rate,Median_Age,Sex_Ratio,Infant_Mortality_Rate,Total_Fertility_Rate,Total_Literacy_Rate,Male_Literacy_Rate,Female_Literacy_Rate,Youth_Unemployment_Rate,Real_GDP_PPP_billion_USD,GDP_Official_Exchange_Rate_billion_USD,Real_GDP_Growth_Rate_percent,Real_GDP_per_Capita_USD,Unemployment_Rate_percent,Youth_Unemployment_Rate_percent,Budget_billion_USD,Budget_Surplus_billion_USD,Budget_Deficit_percent_of_GDP,Public_Debt_percent_of_GDP,Fiscal_Year,Exports_billion_USD,Imports_billion_USD,Exchange_Rate_per_USD,Population_Below_Poverty_Line_percent,electricity_access_percent,electricity_generating_capacity_kW,coal_metric_tons,petroleum_bbl_per_day,refined_petroleum_products_bbl_per_day,refined_petroleum_exports_bbl_per_day,refined_petroleum_imports_bbl_per_day,natural_gas_cubic_meters,carbon_dioxide_emissions_Mt,Geographic_Coordinates,Area_Total,Land_Area,Water_Area,Land_Boundaries,Coastline,Highest_Elevation,Lowest_Elevation,Forest_Land,Other_Land,Agricultural_Land,Arable_Land (%% of Total Agricultural Land),Permanent_Crops (%% of Total Agricultural Land),Permanent_Pasture (%% of Total Agricultural Land),Irrigated_Land,Capital,Capital_Coordinates,Government_Type,Suffrage_Age,airports_paved_runways_count,airports_unpaved_runways_count,heliports_count,roadways_km,railways_km,waterways_km,gas_pipelines_km,oil_pipelines_km,refined_products_pipelines_km,water_pipelines_km
AFGHANISTAN,150000.0,23000000.0,.af,7020000.0,26570.0,39232003.0,2.26,34.79,12.08,0.1,19.5,1.02,103.06,4.53,37.3,39.4,7.2,20.2,60.8,20.24,-20.74,1500.0,13.28,20.2,5.09,15.1,-15.1,7.0,21 March - 20 March,1.48,6.98,76.814,54.5,97.0,776000.0,2096000.0,0.0,0.0,0.0,34210.0,80193000.0,7893000.0,"33 00 N, 65 00 E","652,230 sq km","652,230 sq km",0 sq km,"5,987 km",0 km,"7,492 m",258 m,1.8,40.1,58.1,11.8,0.3,46.0,"24,930 sq km",Kabul,"34 31 N, 69 11 E",Theocracy,18.0,29.0,17.0,1.0,34903.0,,1200.0,466.0,,,
ALBANIA,197690.0,2635466.0,.al,2291000.0,508937.0,3101621.0,0.19,12.48,7.36,3.22,34.3,0.97,10.54,1.55,98.4,38.8,6.0,27.8,40.82,15.27,8.52,14500.0,11.82,27.8,4.19,2.0,-2.0,84.06,calendar year,5.61,8.0,103.52,14.3,100.0,2531000.0,9000.0,16100.0,5638.0,3250.0,26660.0,42050000.0,3.0,"41 00 N, 20 00 E","28,748 sq km","27,398 sq km","1,350 sq km",691 km,362 km,"2,764 m",0 m,28.8,28.2,42.8,22.3,3.0,17.4,"1,820 sq km",Tirana,"41 19 N, 19 49 E",Republic,18.0,3.0,,,3945.0,424.0,41.0,498.0,,,
ALGERIA,5097095.0,47028685.0,.dz,31240000.0,3790459.0,44758398.0,1.27,17.84,4.33,0.81,28.9,1.03,19.22,2.47,81.4,41.3,0.7,31.9,487.72,169.91,3.5,11000.0,12.7,31.9,55.19,9.6,-9.6,27.5,calendar year,41.78,44.32,135.064,5.5,99.0,21694000.0,0.0,1414800.0,627900.0,578800.0,82930.0,87853976000.0,151.0,"28 00 N, 3 00 E","2,381,740 sq km","2,381,740 sq km",0 sq km,"6,734 km",998 km,"2,908 m",-40 m,0.8,81.8,17.4,3.2,0.4,13.8,"12,605 sq km",Algiers,"36 45 N, 3 03 E",Republic,18.0,67.0,82.0,4.0,104000.0,4020.0,,16415.0,7036.0,,
AMERICAN SAMOA,10000.0,2250.0,.as,18135.0,,44620.0,1.74,16.18,6.19,27.36,27.2,0.99,9.87,2.13,,,,,658.0,658.0,-1.87,11200.0,29.8,,249.0,2.1,-2.1,12.2,1 October - 30 September,428.0,615.0,,,59.0,47000.0,,0.0,0.0,0.0,2346.0,,355000.0,"14 20 S, 170 00 W",224 sq km,224 sq km,0 sq km,0 km,116 km,964 m,0 m,75.5,0.0,24.5,15.0,9.5,0.0,0 sq km,Pago Pago,"14 16 S, 170 42 W",Republic,18.0,3.0,,,241.0,,,,,,
ANDORRA,19075931.0,56805348.0,.es,44180000.0,16188502.0,85468.0,0.11,6.87,7.98,0.0,46.2,1.05,3.39,1.46,100.0,35.3,28.3,36.9,1798.0,1393351000000.0,5.52,37900.0,14.73,36.9,546.08,3.1,-3.1,141.22,calendar year,497.87,476.68,0.845,20.7,100.0,115837000.0,546000.0,47200.0,1.0,562400.0,464800.0,57990000.0,280.0,"42 30 N, 1 30 E",468 sq km,468 sq km,0 sq km,118 km,0 km,"2,946 m",840 m,34.0,26.0,40.0,1.7,0.0,38.3,0 sq km,Andorra la Vella,"42 30 N, 1 31 E",Democracy,18.0,0.0,0.0,0.0,269.0,0.0,0.0,,,,
ANGOLA,119826.0,15327864.0,.ao,11550000.0,230610.0,35981281.0,3.34,41.42,7.8,0.19,15.9,0.96,57.2,5.76,71.1,82.6,62.4,18.5,203.87,97.26,1.1,5900.0,8.53,18.5,17.9,6.7,-6.7,65.0,calendar year,33.67,18.84,631.442,32.3,48.0,7344000.0,0.0,1197600.0,53480.0,30340.0,111600.0,6767715000.0,19.0,"12 30 S, 18 30 E","1,246,700 sq km","1,246,700 sq km",0 sq km,"5,369 km","1,600 km","2,620 m",0 m,54.3,,45.7,3.9,0.3,41.5,860 sq km,Luanda,"8 50 S, 13 13 E",Republic,18.0,32.0,70.0,1.0,26000.0,2761.0,1300.0,352.0,1065.0,,
ANGUILLA,6000.0,26000.0,.ai,13056.0,5000.0,19079.0,1.77,11.9,4.72,10.48,35.7,0.89,3.02,1.72,,,,,175.4,175.4,-8.5,12200.0,8.0,,81.92,0.9,0.9,20.1,1 April - 31 March,7.9,186.2,2.7,23.0,100.0,,,,,,,,,"18 15 N, 63 10 W",91 sq km,91 sq km,0 sq km,0 km,61 km,73 m,0 m,61.1,38.9,0.0,0.0,0.0,0.0,0 sq km,The Valley,"18 13 N, 63 03 W",Democracy,18.0,1.0,93.0,,175.0,,,,,,
ANTIGUA AND BARBUDA,27000.0,180000.0,.ag,89280.0,8000.0,101489.0,1.13,15.01,5.69,2.01,32.7,0.89,13.95,1.94,99.0,98.4,99.4,,1.78,1.52,5.27,19100.0,11.0,,278.0,2.4,-2.4,86.8,1 April - 31 March,749.48,868.8,2.7,,100.0,117000.0,,0.0,0.0,91.0,5065.0,,729000.0,"17 03 N, 61 48 W",443 sq km,443 sq km,0 sq km,0 km,153 km,402 m,0 m,18.8,60.8,20.5,9.0,2.3,9.0,1.3 sq km,Saint John’s,"17 07 N, 61 51 W",Democracy,18.0,2.0,1.0,,1170.0,,,,,,
ARGENTINA,6903068.0,59065827.0,.ar,39150000.0,9571562.0,46621847.0,0.8,15.38,7.28,0.08,32.4,0.98,9.14,2.17,99.0,29.4,19.6,29.9,986.13,447.47,10.4,21500.0,10.9,29.9,150.82,6.0,-6.0,57.6,calendar year,87.42,72.36,94.991,35.5,100.0,44731000.0,829000.0,690200.0,669800.0,58360.0,121400.0,41194148000.0,193.0,"34 00 S, 64 00 W","2,780,400 sq km","2,736,690 sq km","43,710 sq km","11,968 km","4,989 km",,-105 m,10.7,35.4,53.9,13.9,0.4,39.6,"23,600 sq km",Buenos Aires,"34 36 S, 58 22 W",Republic,,161.0,977.0,2.0,281290.0,17866.0,11000.0,29930.0,6248.0,,
ARMENIA,418122.0,3599278.0,.am,2212000.0,430407.0,2989091.0,0.4,10.8,9.54,5.28,36.6,0.96,11.89,1.65,99.8,49.4,1.5,36.1,39.61,13.69,5.7,14200.0,20.9,36.1,3.26,4.8,-4.8,63.4,calendar year,5.01,6.12,503.77,26.4,100.0,3633000.0,0.0,0.0,0.0,0.0,7145.0,0.0,6.0,"40 00 N, 45 00 E","29,743 sq km","28,203 sq km","1,540 sq km","1,570 km",0 km,"4,090 m",400 m,9.1,31.2,59.7,15.8,1.9,42.0,"1,554 sq km",Yerevan,"40 10 N, 44 30 E",Democracy,18.0,10.0,1.0,,7700.0,686.0,,3838.0,,,
ARUBA,35000.0,140000.0,.aw,106800.0,19000.0,123.0,1.11,11.69,8.69,8.08,39.9,0.9,11.79,1.82,97.8,97.8,97.8,,4.14,2.7,17.17,38900.0,7.7,,793.0,2.7,-2.7,86.0,calendar year,2.2,1.95,1.79,,100.0,296000.0,,0.0,,,7891.0,,1.0,"12 30 N, 69 58 W",180 sq km,180 sq km,0 sq km,0 km,68.5 km,188 m,0 m,2.3,86.6,11.1,11.1,0.0,0.0,,Oranjestad,"12 31 N, 70 02 W",Democracy,,1.0,,,1000.0,,,,,,
AUSTRALIA,7180000.0,28270000.0,.au,22310000.0,8470000.0,26461166.0,1.19,12.23,6.76,6.39,37.5,0.99,2.96,1.73,,15.6,11.5,10.8,1279.0,1390790000000.0,2.24,49800.0,5.11,10.8,479.33,0.5,-0.5,69.41,1 July - 30 June,389.79,298.71,1.331,,100.0,82517000.0,504051000.0,442500.0,462500.0,64120.0,619600.0,142104321000.0,417000000.0,"27 00 S, 133 00 E","7,741,220 sq km","7,682,300 sq km","58,920 sq km",0 km,"25,760 km","2,228 m",-15 m,17.42,33.42,46.65,4.03,0.04,42.58,"15,210 sq km",Canberra,"35 16 S, 149 08 E",Democracy,18.0,349.0,131.0,1.0,873573.0,36064.0,2000.0,637.0,,,
AUSTRIA,3808709.0,10882217.0,.at,8276999.0,2606000.0,8940860.0,0.31,9.39,9.86,3.54,44.5,0.96,3.2,1.51,,27.7,25.0,11.4,484.7,445.02,4.56,54100.0,6.3,11.4,218.48,0.7,-0.7,99.91,calendar year,268.28,265.77,0.845,13.3,100.0,28376000.0,1327000.0,20100.0,186500.0,49960.0,135500.0,924500000.0,65.0,"47 20 N, 13 20 E","83,871 sq km","82,445 sq km","1,426 sq km","2,524 km",0 km,"3,798 m",115 m,47.2,14.4,38.4,16.5,0.8,21.1,382 sq km,Vienna,"48 12 N, 16 22 E",Republic,16.0,24.0,28.0,1.0,137039.0,6123.0,358.0,1888.0,594.0,,
AZERBAIJAN,1644300.0,10817071.0,.az,8600000.0,1995474.0,10420515.0,0.63,13.2,6.92,0.0,32.6,0.98,22.93,1.86,99.8,47.9,0.1,16.5,146.31,48.1,5.6,14400.0,6.58,16.5,19.95,1.6,-1.6,54.1,calendar year,25.49,16.34,1.7,4.9,100.0,7677000.0,0.0,711700.0,138900.0,46480.0,5576.0,23075000000.0,35.0,"40 30 N, 47 30 E","86,600 sq km","82,629 sq km","3,971 sq km","2,468 km",0 km,"4,466 m",-28 m,11.3,31.1,57.6,22.8,2.7,32.1,"14,649 sq km",Baku,"40 23 N, 49 52 E",Republic,18.0,30.0,7.0,1.0,24981.0,,,3890.0,2446.0,,
"BAHAMAS, THE",91000.0,466000.0,.bs,385400.0,83000.0,358508.0,0.8,14.49,6.47,0.0,32.8,0.95,12.52,1.97,,18.8,2.4,30.8,12.32,12.16,13.72,30200.0,13.24,30.8,2.09,2.6,-2.6,84.45,1 July - 30 June,3.2,4.92,1.0,9.3,100.0,578000.0,,0.0,0.0,,19150.0,0.0,3.0,"24 15 N, 76 00 W","13,880 sq km","10,010 sq km","3,870 sq km",0 km,"3,542 km",64 m,0 m,51.4,47.2,1.4,0.8,0.4,0.2,10 sq km,Nassau,"25 05 N, 77 21 W",Democracy,18.0,24.0,37.0,1.0,2700.0,,,,,,
BAHRAIN,266741.0,1923443.0,.bh,1500000.0,148928.0,1553886.0,0.85,12.3,2.83,0.99,32.9,1.51,9.98,1.66,97.5,25.3,4.5,9.9,72.27,38.47,2.23,49400.0,1.87,9.9,9.17,10.1,-10.1,88.5,calendar year,35.23,27.58,0.376,,100.0,6982000.0,,185300.0,274500.0,245300.0,14530.0,18271840000.0,43.0,"26 00 N, 50 33 E",760 sq km,760 sq km,0 sq km,0 km,161 km,135 m,0 m,0.7,88.0,11.3,2.1,3.9,5.3,40 sq km,Manama,"26 14 N, 50 34 E",Monarchy,20.0,4.0,730.0,1.0,4122.0,,,20.0,54.0,,
BANGLADESH,587476.0,181021227.0,.bd,66300000.0,10052819.0,167184465.0,0.91,17.5,5.5,2.88,27.9,0.96,29.58,2.08,74.9,52.2,17.1,14.7,1001.0,329.55,6.94,5900.0,5.23,14.7,30.02,3.2,-3.2,33.1,1 July - 30 June,49.39,85.3,85.084,24.3,98.0,18461000.0,1016000.0,13500.0,26280.0,901.0,81570.0,28629927000.0,96.0,"24 00 N, 90 00 E","148,460 sq km","130,170 sq km","18,290 sq km","4,413 km",580 km,"1,060 m",0 m,11.1,18.8,70.1,59.0,6.5,4.6,"81,270 sq km",Dhaka,"23 43 N, 90 24 E",Republic,18.0,16.0,2.0,3.0,369105.0,2460.0,8370.0,2950.0,,,
BARBADOS,120980.0,316633.0,.bb,240800.0,128000.0,303431.0,0.24,10.73,8.03,0.29,39.5,0.93,9.79,1.7,99.6,15.0,1.9,30.6,3.87,4.99,-0.19,13800.0,10.41,30.6,1.27,4.0,-4.0,146.93,1 April - 31 March,357.0,2.12,2.0,,100.0,311000.0,,1000.0,0.0,0.0,10630.0,14923000.0,1.0,"13 10 N, 59 32 W",430 sq km,430 sq km,0 sq km,0 km,97 km,336 m,0 m,19.4,48.0,32.6,25.6,2.3,4.7,50 sq km,Bridgetown,"13 06 N, 59 37 W",Republic,18.0,1.0,,,1700.0,,,33.0,64.0,,
BELARUS,4332754.0,11760087.0,.by,8352000.0,3255552.0,9383853.0,0.32,8.87,12.81,0.72,40.9,0.87,3.23,1.52,99.9,47.4,13.5,11.3,184.48,63.17,2.3,19800.0,4.74,11.3,24.74,2.9,2.9,33.24,calendar year,49.42,45.46,2.539,5.0,100.0,11360000.0,0.0,34300.0,477200.0,351200.0,14630.0,68951000.0,54.0,"53 00 N, 28 00 E","207,600 sq km","202,900 sq km","4,700 sq km","3,599 km",0 km,346 m,90 m,42.7,13.6,43.7,27.2,0.6,15.9,303 sq km,Minsk,"53 54 N, 27 34 E",Republic,18.0,33.0,32.0,1.0,86600.0,5528.0,2500.0,5386.0,1589.0,,
BELGIUM,3293420.0,11740118.0,.be,10920000.0,4734210.0,11913633.0,0.55,10.86,9.57,4.18,41.6,0.97,3.15,1.77,,25.8,21.0,19.6,599.81,533.03,6.13,51700.0,6.42,19.6,267.11,1.0,-1.0,119.43,calendar year,515.62,509.02,0.845,14.8,100.0,26929000.0,1105000.0,11400.0,731700.0,680800.0,601400.0,0.0,128.0,"50 50 N, 4 00 E","30,528 sq km","30,278 sq km",250 sq km,"1,297 km",66.5 km,694 m,0 m,22.4,33.5,44.1,27.2,0.8,16.1,57 sq km,Brussels,"50 50 N, 4 20 E",Democracy,18.0,26.0,15.0,1.0,118414.0,3602.0,2043.0,3139.0,154.0,,
BELIZE,19000.0,260000.0,.bz,248000.0,36000.0,419137.0,1.61,20.93,3.89,0.95,23.9,1.0,10.9,2.59,,15.1,1.8,19.3,3.5,1.85,15.23,8800.0,8.22,19.3,583.0,1.0,-1.0,99.0,1 April - 31 March,1.04,1.25,2.0,41.0,97.0,204000.0,,1300.0,36.0,0.0,4161.0,,541000.0,"17 15 N, 88 45 W","22,966 sq km","22,806 sq km",160 sq km,542 km,386 km,"1,124 m",0 m,60.6,32.5,6.9,3.3,1.4,2.2,35 sq km,Belmopan,"17 15 N, 88 46 W",Democracy,18.0,6.0,41.0,,3281.0,,825.0,,,,
BENIN,11493.0,12731782.0,.bj,4420000.0,29981.0,14219908.0,3.31,40.72,7.82,0.24,17.0,0.97,54.33,5.39,45.8,11.8,1.9,3.9,43.17,10.31,7.16,3300.0,1.57,3.9,2.02,6.2,-6.2,54.6,calendar year,3.51,3.94,554.608,38.5,41.0,475000.0,0.0,0.0,0.0,1514.0,38040.0,0.0,6.0,"9 30 N, 2 15 E","112,622 sq km","110,622 sq km","2,000 sq km","2,123 km",,,0 m,40.0,28.7,31.3,22.9,3.5,4.9,172 sq km,Porto-Novo,"6 29 N, 2 37 E",Republic,18.0,1.0,5.0,,16000.0,438.0,150.0,134.0,,,
BERMUDA,25000.0,68000.0,.bm,64000.0,23000.0,72576.0,0.32,10.97,9.2,1.43,43.6,0.95,2.17,1.89,,29.7,29.0,29.3,5.13,6.13,5.41,80300.0,7.0,29.3,999.2,2.9,-2.9,43.0,1 April - 31 March,1.12,1.93,1.0,11.0,100.0,172000.0,,0.0,,,3939.0,,796000.0,"32 20 N, 64 45 W",54 sq km,54 sq km,0 sq km,0 km,103 km,79 m,0 m,20.0,65.2,14.8,14.8,0.0,0.0,,Hamilton,"32 17 N, 64 47 W",Democracy,18.0,1.0,,,447.0,,,,,,
BHUTAN,19680.0,778008.0,.bt,670800.0,3189.0,876181.0,0.96,15.61,6.05,0.0,29.1,1.07,25.61,1.77,70.9,77.9,62.8,18.8,8.48,2.4,4.09,10900.0,4.33,18.8,710.0,3.4,-3.4,117.33,1 July - 30 June,741.6,1.03,73.939,8.2,100.0,2334000.0,174000.0,0.0,0.0,0.0,3120.0,,934000.0,"27 30 N, 90 30 E","38,394 sq km","38,394 sq km",0 sq km,"1,136 km",0 km,"7,570 m",97 m,85.5,0.9,13.6,2.6,0.3,10.7,320 sq km,Thimphu,"27 28 N, 89 38 E",Monarchy,18.0,2.0,1.0,,12205.0,,,,,,
BOLIVIA,539481.0,12033941.0,.bo,7920000.0,931918.0,12186079.0,1.06,18.08,4.33,0.96,25.3,1.01,22.28,2.26,92.5,20.5,4.8,17.4,97.27,40.82,6.11,8100.0,8.51,17.4,11.8,7.8,-7.8,49.0,calendar year,11.44,10.8,6.91,37.2,98.0,3834000.0,,65400.0,65960.0,9686.0,20620.0,15328422000.0,17.0,"17 00 S, 65 00 W","1,098,581 sq km","1,083,301 sq km","15,280 sq km","7,252 km",0 km,"6,542 m",90 m,52.5,13.2,34.3,3.6,0.2,30.5,"2,972 sq km",La Paz,"16 30 S, 68 09 W",Republic,18.0,21.0,834.0,,90568.0,3960.0,10000.0,5457.0,2511.0,,
BOSNIA AND HERZEGOVINA,689295.0,3728775.0,.ba,2508000.0,770424.0,3807764.0,0.23,8.31,10.26,0.38,43.3,0.95,5.1,1.37,98.1,42.0,28.0,32.9,51.24,20.08,7.55,15700.0,15.22,32.9,8.43,2.1,2.1,46.05,calendar year,9.95,12.73,1.654,16.9,100.0,4775000.0,6966000.0,0.0,0.0,4603.0,18280.0,0.0,16.0,"44 00 N, 18 00 E","51,197 sq km","51,187 sq km",10 sq km,"1,543 km",20 km,"2,386 m",0 m,42.8,15.0,42.2,19.7,2.0,20.5,30 sq km,Sarajevo,"43 52 N, 18 25 E",Republic,18.0,7.0,17.0,6.0,22926.0,965.0,990.0,147.0,,,
BOTSWANA,132457.0,4160553.0,.bw,1924000.0,259525.0,2417596.0,1.37,19.95,8.98,2.77,25.7,0.92,24.41,2.37,88.5,30.4,8.3,41.2,38.41,18.34,11.37,14800.0,24.72,41.2,3.83,1.0,-1.0,19.66,1 April - 31 March,7.93,9.28,11.087,19.3,73.0,766000.0,1876000.0,0.0,,,21090.0,,5.0,"22 00 S, 24 00 E","581,730 sq km","566,730 sq km","15,000 sq km","4,347.15 km",0 km,"1,495 m",513 m,19.8,34.4,45.8,0.6,0.0,45.2,25 sq km,Gaborone,"24 38 S, 25 54 E",Republic,18.0,10.0,64.0,,31747.0,888.0,,,,,
BRAZIL,33700000.0,207046813.0,.br,140908998.0,31500000.0,218689757.0,0.64,13.44,6.9,0.19,33.2,0.97,13.11,1.75,94.3,16.2,9.4,31.9,3128.0,1877942000000.0,4.62,14600.0,14.4,31.9,424.2,1.1,-1.1,100.59,calendar year,317.18,297.92,5.394,4.2,99.0,195037000.0,13993000.0,3629100.0,2811000.0,279000.0,490400.0,25395979000.0,456000000.0,"10 00 S, 55 00 W","8,515,770 sq km","8,358,140 sq km","157,630 sq km","16,145 km","7,491 km","2,994 m",0 m,61.9,5.2,32.9,8.6,0.8,23.5,"69,029 sq km",Brasília,"15 47 S, 47 55 W",Republic,,698.0,3395.0,13.0,2000000.0,29850.0,50000.0,17312.0,5959.0,6000.0,
BRITISH VIRGIN ISLANDS,7000.0,35000.0,.vg,24087.0,6738.0,39369.0,1.87,10.9,5.44,13.21,37.2,0.91,13.77,1.37,,,,,500.0,1.38,2.0,34200.0,2.9,,400.0,0.0,0.0,,1 April - 31 March,23.0,300.0,,,100.0,33000.0,,0.0,,,1227.0,,173000.0,"18 30 N, 64 30 W",151 sq km,151 sq km,0 sq km,0 km,80 km,521 m,0 m,24.3,29.0,46.7,6.7,6.7,33.3,,Road Town,"18 25 N, 64 37 W",Democracy,18.0,2.0,2.0,,200.0,,,,,,
BRUNEI,112298.0,603486.0,.bn,441000.0,71078.0,484991.0,1.43,15.98,3.85,2.15,31.1,0.95,10.26,1.74,97.6,30.0,2.3,23.4,26.78,12.13,-1.59,60100.0,7.65,23.4,1.06,17.3,-17.3,2.8,1 April - 31 March,11.2,9.22,1.344,,100.0,1261000.0,,107300.0,10310.0,0.0,6948.0,12498299000.0,9.0,"4 30 N, 114 40 E","5,765 sq km","5,265 sq km",500 sq km,266 km,161 km,"1,850 m",0 m,71.8,25.7,2.5,0.8,1.1,0.6,10 sq km,Bandar Seri Begawan,"4 53 N, 114 56 E",Monarchy,18.0,1.0,417.0,3.0,2976.0,,209.0,33.0,,,
BULGARIA,787637.0,7902756.0,.bg,5175000.0,2115053.0,6827736.0,0.66,7.97,14.31,0.29,43.7,0.95,7.82,1.51,98.4,40.9,37.1,14.2,167.8,68.49,7.63,24400.0,5.42,14.2,24.49,1.8,1.8,32.24,calendar year,51.51,50.06,1.654,23.8,99.0,11097000.0,22298000.0,4500.0,144300.0,92720.0,49260.0,62439000.0,38.0,"43 00 N, 25 00 E","110,879 sq km","108,489 sq km","2,390 sq km","1,806 km",354 km,"2,925 m",0 m,36.7,16.4,46.9,29.9,1.5,15.5,987 sq km,Sofia,"42 41 N, 23 19 E",Republic,18.0,57.0,11.0,1.0,19512.0,4029.0,470.0,2765.0,346.0,,
BURKINA FASO,81374.0,24678315.0,.bf,4840000.0,13979.0,22489126.0,2.46,32.71,7.5,0.59,17.9,0.96,48.17,4.14,46.0,22.1,6.4,7.7,48.17,14.27,6.91,2200.0,4.76,7.7,3.21,7.9,-7.9,72.53,calendar year,5.36,4.78,554.531,41.4,18.0,392000.0,,0.0,0.0,0.0,23580.0,,4.0,"13 00 N, 2 00 W","274,200 sq km","273,800 sq km",400 sq km,"3,611 km",0 km,749 m,200 m,19.3,36.5,44.2,22.0,37.0,21.93,550 sq km,Ouagadougou,"12 22 N, 1 31 W",Republic,18.0,2.0,21.0,,15304.0,622.0,,,,,
BURMA,522141.0,67930093.0,.mm,23760000.0,688185.0,57970293.0,0.75,16.04,7.14,1.36,29.2,0.97,32.2,2.0,89.1,68.5,19.7,6.4,216.95,76.61,-17.91,4000.0,2.17,6.4,13.36,3.2,-3.2,33.6,1 April - 31 March,20.4,23.1,1.0,24.8,72.0,7247000.0,1468000.0,7800.0,13330.0,0.0,102600.0,17710912000.0,31.0,"22 00 N, 98 00 E","676,578 sq km","653,508 sq km","23,070 sq km","6,522 km","1,930 km","5,870 m",0 m,48.2,32.6,19.2,16.5,2.2,0.5,"17,140 sq km",Rangoon,"16 48 N, 96 10 E",Republic,18.0,36.0,28.0,11.0,157000.0,5031.0,12800.0,3739.0,1321.0,,
BURUNDI,15976.0,7740494.0,.bi,754000.0,4230.0,13162952.0,3.59,34.87,5.85,6.84,17.7,0.99,36.75,4.96,74.7,17.4,6.1,3.4,8.85,3.03,1.8,700.0,1.79,3.4,747.0,5.7,-5.7,51.7,calendar year,285.11,905.29,1.0,64.6,10.0,100000.0,,0.0,,,1374.0,,715000.0,"3 30 S, 30 00 E","27,830 sq km","25,680 sq km","2,150 sq km","1,140 km",0 km,"2,685 m",772 m,6.6,20.1,73.3,38.9,15.6,18.8,230 sq km,Gitega,"3 25 S, 29 55 E",Republic,18.0,1.0,6.0,1.0,12322.0,,673.0,,,,
CABO VERDE,53586.0,590171.0,.cv,413000.0,24839.0,603901.0,1.19,18.19,5.77,0.57,26.8,0.95,22.96,2.11,90.8,17.3,5.4,34.3,3.6,1.97,6.95,6100.0,15.42,34.3,583.0,3.0,-3.0,125.8,calendar year,459.92,1.12,93.218,35.0,95.0,205000.0,,0.0,,,5607.0,,1.0,"16 00 N, 24 00 W","4,033 sq km","4,033 sq km",0 sq km,0 km,965 km,"2,829 m",0 m,21.0,60.4,18.6,11.7,0.7,6.2,35 sq km,Praia,"14 55 N, 23 31 W",Republic,18.0,9.0,418.0,,1350.0,,,,,,
CAMBODIA,40296.0,19899790.0,.kh,10200000.0,233732.0,16891245.0,1.04,18.75,5.7,2.67,26.4,0.94,28.75,2.2,83.9,36.1,6.0,1.8,72.24,22.09,3.03,4400.0,0.61,1.8,7.25,1.8,-1.8,30.4,calendar year,20.13,32.83,4.0,16.5,82.0,2954000.0,0.0,0.0,,,43030.0,,13.0,"13 00 N, 105 00 E","181,035 sq km","176,515 sq km","4,520 sq km","2,530 km",443 km,"1,810 m",0 m,56.5,11.4,32.1,22.7,0.9,8.5,"3,540 sq km",Phnom Penh,"11 33 N, 104 55 E",Monarchy,18.0,6.0,10.0,1.0,47263.0,642.0,3700.0,,,,
CAMEROON,739572.0,22442414.0,.cm,12420000.0,722579.0,30135732.0,2.73,35.13,7.54,0.3,18.5,0.99,47.4,4.5,77.1,13.2,1.4,6.6,100.65,,3.65,3700.0,3.87,6.6,6.12,3.4,-3.4,36.9,1 July - 30 June,7.45,9.03,554.531,37.5,65.0,1754000.0,,63200.0,39080.0,8545.0,14090.0,2678486000.0,7.0,"6 00 N, 12 00 E","475,440 sq km","472,710 sq km","2,730 sq km","5,018 km",402 km,"4,045 m",0 m,41.7,37.7,20.6,13.1,3.3,4.2,290 sq km,Yaounde,"3 52 N, 11 31 E",Republic,20.0,11.0,22.0,,77589.0,987.0,,53.0,1107.0,,35.0
CANADA,13470000.0,35960000.0,.ca,33950632.0,15390000.0,38516736.0,0.73,10.11,8.17,5.37,41.8,0.98,4.31,1.57,,15.3,10.7,14.0,1832.0,,4.54,47900.0,7.51,14.0,686.72,1.0,-1.0,72.09,1 April - 31 March,611.15,609.26,1.254,9.4,100.0,153251000.0,48328000.0,5468100.0,2009000.0,379500.0,405700.0,178723494000.0,612000000.0,"60 00 N, 95 00 W","9,984,670 sq km","9,093,507 sq km","891,163 sq km","8,892 km","202,080 km","5,959 m",0 m,34.1,59.1,6.8,4.7,0.5,1.6,"9,045 sq km",Ottawa,"45 25 N, 75 42 W",Democracy,18.0,523.0,944.0,26.0,1042300.0,49422.0,636.0,110000.0,100000.0,16500.0,
CAYMAN ISLANDS,,,,,,65483.0,1.79,11.62,6.06,12.34,40.5,0.95,7.47,1.82,98.9,98.7,99.0,13.8,,,,,,13.8,,,,,,,,,,,,,,,,,,,"19 30 N, 80 30 W",264 sq km,264 sq km,0 sq km,0 km,160 km,50 m,0 m,52.9,35.9,11.2,0.8,2.1,8.3,,George Town,"19 18 N, 81 23 W",Democracy,18.0,,,,,,,,,,
CENTRAL AFRICAN REPUBLIC,2000.0,1800000.0,.cf,605000.0,499.0,5552228.0,1.77,32.37,11.51,3.16,20.0,0.99,81.74,3.99,37.4,49.5,25.8,11.8,4.48,,0.9,800.0,6.57,11.8,418.0,0.9,-0.9,52.9,calendar year,113.7,393.1,554.531,62.0,15.0,38000.0,,0.0,,,2799.0,,285000.0,"7 00 N, 21 00 E","622,984 sq km","622,984 sq km",0 sq km,"5,920 km",0 km,"1,410 m",335 m,36.2,55.7,8.1,2.9,0.1,5.1,10 sq km,Bangui,"4 22 N, 18 35 E",,18.0,1.0,37.0,,24000.0,,2800.0,,,,
CHAD,5300.0,10000000.0,.td,3060000.0,,18523165.0,3.05,39.85,9.21,0.12,16.1,0.98,63.99,5.35,26.8,13.8,2.7,2.4,24.49,,-1.2,1400.0,1.88,2.4,2.29,1.5,-1.5,52.5,calendar year,2.46,2.16,554.531,42.3,11.0,87000.0,,87900.0,,,2285.0,,1.0,"15 00 N, 19 00 E",1.284 million sq km,"1,259,200 sq km","24,800 sq km","6,406 km",0 km,"3,445 m",160 m,9.1,51.3,39.6,3.9,0.0,35.7,300 sq km,N’Djamena,"12 06 N, 15 02 E",Republic,18.0,9.0,50.0,,40000.0,,12400.0,,582.0,,
CHILE,2510972.0,26571823.0,.cl,17100000.0,3763826.0,18549457.0,0.63,12.57,6.58,0.32,35.5,0.97,6.41,1.75,97.0,31.6,26.8,21.4,496.08,,11.67,25400.0,9.13,21.4,55.16,2.8,-2.8,23.6,calendar year,100.63,102.09,758.955,8.6,100.0,29808000.0,542000.0,11900.0,216200.0,7359.0,166400.0,1109962000.0,88.0,"30 00 S, 71 00 W","756,102 sq km","743,812 sq km","12,290 sq km","7,801 km","6,435 km","6,893 m",0 m,21.9,57.0,21.1,1.7,0.6,18.8,"11,100 sq km",Santiago; note - Valparaiso is the seat of the national legislature,"33 27 S, 70 40 W",Republic,18.0,90.0,391.0,1.0,77801.0,,,3160.0,985.0,,
CHINA,182835000.0,1750460000.0,.cn,1010740000.0,483550000.0,1413142846.0,0.18,9.69,7.82,0.11,38.4,1.04,6.49,1.45,96.8,49.4,1.7,11.4,17730.0,14722.0,3.0,12500.0,5.2,16.7,3560.0,,7.2,76.9,calendar year,3593.0,2714.0,6.73,1.7,100.0,2380000000.0,3693000000.0,4670000.0,13790000.0,848400.0,1280000.0,194000000000.0,11535200000.0,"35 00 N, 105 00 E","9,596,960 sq km","9,326,410 sq km","270,550 sq km","22,457 km","14,500 km","8,849 m",-154 m,22.3,23.0,54.7,11.3,1.6,41.8,"690,070 sq km",Beijing,"39 55 N, 116 23 E",Communist,18.0,510.0,23.0,92.0,4960600.0,150000.0,110000.0,70000.0,22900.0,9500.0,
CHRISTMAS ISLAND,,,.cx,1139.0,,2205.0,1.11,,,,,,,,,,,,,,,,,,,,,,1 July - 30 June,,,1.311,,,,,,,,,,,"10 30 S, 105 40 E",135 sq km,135 sq km,0 sq km,0 km,138.9 km,361 m,0 m,,100.0,0.0,,,,,The Settlement,"10 25 S, 105 43 E",Territory,18.0,1.0,110.0,,142.0,18.0,,,,,
COCOS (KEELING) ISLANDS,,,.cc,,,596.0,,,8.89,,,,,,,,,,,,1.0,,0.1,,,,,,1 July - 30 June,,,1.311,,,,,,,,,,,"12 30 S, 96 50 E",14 sq km,14 sq km,0 sq km,0 km,26 km,9 m,0 m,0.0,100.0,0.0,,,,,West Island,"12 10 S, 96 50 E",Territory,18.0,1.0,12.0,,22.0,,,,,,
COLOMBIA,7600000.0,75000000.0,.co,37960000.0,7764772.0,49336454.0,0.54,15.06,7.84,1.85,31.2,0.95,11.65,1.94,95.6,12.4,4.6,26.4,754.64,,10.68,14600.0,14.34,26.4,94.98,2.7,-2.7,90.4,calendar year,50.79,70.84,3.0,35.7,99.0,19769000.0,51395000.0,756400.0,303600.0,56900.0,57170.0,11305086000.0,81.0,"4 00 N, 72 00 W","1,138,910 sq km","1,038,700 sq km","100,210 sq km","6,672 km","3,208 km","5,730 m",0 m,54.4,8.1,37.5,1.4,1.6,34.5,"10,900 sq km",Bogota,"4 36 N, 74 05 W",Republic,18.0,121.0,715.0,3.0,205379.0,2141.0,24725.0,4991.0,6796.0,,
COMOROS,7431.0,853449.0,.km,221400.0,1066.0,888378.0,1.34,22.06,6.49,2.22,20.9,0.94,56.01,2.69,62.0,29.5,11.1,21.7,2.65,,2.11,3200.0,9.45,21.7,223.0,6.5,-6.5,32.4,calendar year,139.57,407.0,415.956,42.4,87.0,35000.0,,0.0,,,1241.0,,326000.0,"12 10 S, 44 15 E","2,235 sq km","2,235 sq km",0 sq km,0 km,340 km,"2,360 m",0 m,1.4,14.2,84.4,46.7,29.6,8.1,1.3 sq km,Moroni,"11 42 S, 43 14 E",Republic,18.0,4.0,207.0,,880.0,,,,,,
"CONGO, DEMOCRATIC REPUBLIC OF THE",47.0,47000000.0,.cd,21102720.0,31000.0,111859928.0,3.13,39.64,7.74,0.63,16.7,1.0,59.12,5.56,80.0,22.7,2.9,10.1,102.96,,6.2,1100.0,5.43,10.1,5.42,0.9,-0.9,18.1,calendar year,22.35,22.19,1.0,63.0,20.0,2919000.0,0.0,22000.0,0.0,0.0,21140.0,368000.0,2.0,"0 00 N, 25 00 E","2,344,858 sq km","2,267,048 sq km","77,810 sq km","11,027 km",37 km,"5,110 m",0 m,,,,,,,110 sq km,Kinshasa,"4 19 S, 15 18 E",Republic,18.0,26.0,172.0,1.0,152373.0,4007.0,15000.0,62.0,77.0,,
"CONGO, REPUBLIC OF THE",17000.0,5558658.0,.cg,1794390.0,1000.0,5677493.0,2.33,31.55,8.23,0.0,19.5,1.0,46.62,4.32,80.6,26.8,2.1,42.3,18.88,,-2.2,3200.0,23.01,42.3,3.4,7.0,-7.0,130.8,calendar year,4.67,3.28,554.531,40.9,49.0,629000.0,,270900.0,15760.0,5766.0,7162.0,1400000000.0,4.0,"1 00 S, 15 00 E","342,000 sq km","341,500 sq km",500 sq km,"5,554 km",169 km,"1,020 m",0 m,65.6,3.3,31.1,1.6,0.2,29.3,20 sq km,Brazzaville,"4 15 S, 15 17 E",Republic,18.0,8.0,19.0,,23324.0,510.0,1120.0,232.0,982.0,,
COOK ISLANDS,7000.0,17000.0,.ck,11382.0,2700.0,7939.0,2.31,12.34,9.2,26.2,38.3,1.05,15.53,2.04,,27.7,20.3,,266.0,,10.5,15600.0,13.1,,86.9,3.0,3.0,,1 April - 31 March,31.4,215.0,1.416,,,18000.0,,0.0,,,611.0,,114000.0,"21 14 S, 159 46 W",236 sq km,236 sq km,0 sq km,0 km,120 km,652 m,0 m,64.6,27.0,8.4,4.2,4.2,0.0,,Avarua,"21 12 S, 159 46 W",Democracy,18.0,1.0,10.0,,295.0,,,,,,
COSTA RICA,265513.0,44561505.0,.ci,12150000.0,260097.0,29344847.0,2.16,27.92,7.45,1.16,20.3,0.97,54.04,3.47,89.9,17.9,0.9,5.7,146.32,,7.04,5300.0,3.47,5.7,8.8,4.2,-4.2,47.0,calendar year,13.23,12.66,554.531,39.5,71.0,2197000.0,,33000.0,69360.0,31450.0,7405.0,2425000000.0,11.0,"8 00 N, 5 00 W","322,463 sq km","318,003 sq km","4,460 sq km","3,458 km",515 km,"1,752 m",0 m,32.7,2.5,64.8,9.1,14.2,41.5,730 sq km,Yamoussoukro,"6 49 N, 5 16 W",Republic,18.0,7.0,20.0,1.0,81996.0,660.0,980.0,256.0,118.0,,
CROATIA,1268941.0,4402213.0,.hr,3321000.0,1030973.0,4169239.0,0.47,8.6,12.98,0.26,43.9,1.01,8.58,1.46,99.4,37.6,36.1,23.6,123.35,,13.07,31600.0,8.68,23.6,212.81,0.8,0.8,104.89,calendar year,35.31,36.33,0.845,18.3,100.0,4940000.0,0.0,12200.0,74620.0,40530.0,35530.0,851005000.0,16.0,"45 10 N, 15 30 E","56,594 sq km","55,974 sq km",620 sq km,"2,237 km","5,835 km","1,831 m",0 m,34.4,41.9,23.7,16.0,1.5,6.2,171 sq km,Zagreb,"45 48 N, 16 00 E",Republic,18.0,24.0,45.0,1.0,26958.0,2617.0,4714.0,2410.0,610.0,,
CUBA,1539269.0,7103296.0,.cu,7810000.0,231654.0,10985974.0,0.19,9.99,9.37,2.53,42.1,0.93,4.07,1.71,99.7,25.5,10.3,7.4,137.0,,1.25,12300.0,2.76,7.4,54.52,10.8,-10.8,47.7,calendar year,2.63,11.06,1.0,,100.0,7479000.0,0.0,38400.0,104100.0,24190.0,52750.0,976023000.0,16.0,"21 30 N, 80 00 W","110,860 sq km","109,820 sq km","1,040 sq km",28.5 km,"3,735 km","1,974 m",0 m,27.3,12.4,60.3,33.8,3.6,22.9,"8,700 sq km",Havana,"23 07 N, 82 21 W",Communist,16.0,64.0,69.0,,60000.0,8367.0,240.0,41.0,230.0,,
CURACAO,53000.0,170000.0,.cw,111956.0,55000.0,152849.0,0.3,13.07,8.78,1.31,36.7,0.99,7.7,1.97,,38.1,47.1,42.2,3.17,,4.23,20800.0,13.0,42.2,,0.4,-0.4,33.2,,1.28,1.92,1.79,,100.0,,,,189800.0,167500.0,45800.0,,,"12 10 N, 69 00 W",444 sq km,444 sq km,0 sq km,,364 km,372 m,0 m,,90.0,10.0,10.0,,,,Willemstad,"12 06 N, 68 55 W",Democracy,18.0,1.0,,,550.0,,,,,,
CYPRUS,,,,,,1308120.0,1.0,10.37,6.99,6.65,37.9,0.93,8.2,1.48,99.4,47.0,23.2,11.8,,,,,,11.8,,,,,,,,,,,,,,,,,,,"35 00 N, 33 00 E","9,251 sq km","9,241 sq km",10 sq km,156 km,648 km,"1,951 m",0 m,18.8,67.8,13.4,9.8,3.2,0.4,268 sq km,,,Republic,,,,,,,,,,,
CZECHIA,1294806.0,13129905.0,.cz,9130000.0,3845426.0,10706242.0,0.0,8.43,10.77,2.32,43.3,1.05,2.37,1.5,99.0,35.0,26.4,7.6,428.02,,3.54,40700.0,2.89,7.6,103.84,1.6,1.6,34.7,calendar year,204.78,196.24,21.678,10.1,100.0,22485000.0,33806000.0,6300.0,177500.0,52200.0,83860.0,189185000.0,99.0,"49 45 N, 15 30 E","78,867 sq km","77,247 sq km","1,620 sq km","2,046 km",0 km,"1,602 m",115 m,34.4,10.8,54.8,41.0,1.0,12.8,220 sq km,Prague,"50 05 N, 14 28 E",Republic,18.0,41.0,87.0,1.0,55744.0,9548.0,664.0,7160.0,675.0,,
DENMARK,706604.0,7287875.0,.dk,5841000.0,2590282.0,5946984.0,0.44,11.25,9.55,2.71,42.0,0.99,3.0,1.77,,17.8,17.1,10.1,352.44,350.04,3.8,59700.0,4.8,10.1,185.65,1.1,1.1,35.3,calendar year,234.26,208.12,6.287,12.5,100.0,17655000.0,0.0,69000.0,183900.0,133700.0,109700.0,1315000000.0,33.0,"56 00 N, 10 00 E","43,094 sq km","42,434 sq km",660 sq km,141 km,"7,314 km",171 m,-7 m,12.9,23.7,63.4,58.9,0.1,4.4,"2,360 sq km",Copenhagen,"55 40 N, 12 35 E",Monarchy,18.0,28.0,52.0,,74558.0,2682.0,400.0,1536.0,330.0,,
DJIBOUTI,27326.0,489339.0,.dj,759000.0,25053.0,976143.0,1.93,22.03,7.08,4.37,24.9,0.83,46.02,2.13,,78.6,82.2,79.9,5.43,3.32,4.81,4900.0,28.39,79.9,725.0,9.0,-9.0,31.8,calendar year,5.16,5.48,177.721,21.1,65.0,130000.0,,0.0,,403.0,6692.0,,610000.0,"11 30 N, 43 00 E","23,200 sq km","23,180 sq km",20 sq km,528 km,314 km,"2,021 m",-155 m,0.2,26.4,73.4,0.1,0.0,73.3,10 sq km,Djibouti,"11 35 N, 43 09 E",Republic,18.0,3.0,10.0,,2893.0,97.0,,,,,
DOMINICA,7500.0,62000.0,.dm,58320.0,16000.0,74656.0,0.02,13.64,8.12,5.3,34.9,1.02,11.0,2.01,,,,,787.7,557.0,6.68,10900.0,23.0,,180.0,5.9,-5.9,82.7,1 July - 30 June,104.96,302.0,2.7,29.0,100.0,42000.0,,0.0,,,1237.0,,182000.0,"15 25 N, 61 20 W",751 sq km,751 sq km,NEGL,0 km,148 km,"1,447 m",0 m,59.2,6.1,34.7,8.0,24.0,2.7,,Roseau,"15 18 N, 61 24 W",Republic,18.0,2.0,750.0,,1512.0,,,,,,
DOMINICAN REPUBLIC,6000.0,7300000.0,.ht,4290000.0,31000.0,11470261.0,1.18,20.81,7.17,1.86,24.1,0.97,38.78,2.39,61.7,12.2,3.1,35.7,32.86,8.61,-1.8,2900.0,15.73,35.7,1.18,1.0,-1.0,31.1,1 October - 30 September,1.24,5.22,89.227,58.5,47.0,3453000.0,,0.0,,,20030.0,0.0,3.0,"19 00 N, 70 40 W","48,670 sq km","48,320 sq km",350 sq km,376 km,"1,288 km","3,098 m",-46 m,40.8,7.7,51.5,16.6,10.1,24.8,"2,980 sq km",Port-au-Prince,"18 32 N, 72 20 W",Republic,18.0,4.0,10.0,,4102.0,,,,,,
ECUADOR,1846666.0,16789600.0,.ec,13680000.0,2371297.0,17483326.0,1.1,16.19,5.18,0.0,28.8,0.98,17.72,2.02,94.5,18.4,4.2,14.2,189.88,,4.24,10700.0,6.43,14.2,35.91,4.5,4.24,45.4,calendar year,29.32,28.57,1.0,25.0,100.0,9354000.0,0.0,478000.0,137400.0,25870.0,153900.0,342407000.0,36.0,"2 00 S, 77 30 W","283,561 sq km","276,841 sq km","6,720 sq km","2,237 km","2,237 km",,0 m,38.9,31.4,29.7,4.7,5.6,19.4,"10,000 sq km",Quito,"0 13 S, 78 30 W",Republic,,104.0,328.0,2.0,43950.0,965.0,1500.0,123.0,2131.0,,
EGYPT,11030900.0,103449427.0,.eg,79200000.0,9349469.0,109546720.0,1.59,20.48,4.32,0.29,24.1,1.06,17.27,2.76,73.1,48.1,0.4,24.3,1264.0,,3.33,11600.0,9.33,24.3,71.16,8.6,-8.6,103.0,1 July - 30 June,58.34,94.04,15.645,32.5,100.0,59826000.0,262000.0,660800.0,547500.0,47360.0,280200.0,64292955000.0,235.0,"27 00 N, 30 00 E","1,001,450 sq km","995,450 sq km","6,000 sq km","2,612 km","2,450 km","2,629 m",-133 m,0.1,96.3,3.6,2.8,0.8,0.0,"36,500 sq km",Cairo,"30 03 N, 31 15 E",Republic,18.0,11.0,11.0,7.0,65050.0,5085.0,3500.0,486.0,,,
EL SALVADOR,856090.0,11071073.0,.sv,3969000.0,586000.0,6602370.0,0.46,17.49,5.92,7.01,27.7,0.92,11.9,2.04,89.1,14.1,1.7,13.7,57.37,,10.28,9100.0,5.94,13.7,6.45,2.5,-2.5,71.41,calendar year,8.49,15.75,1.0,22.8,97.0,2586000.0,0.0,0.0,0.0,347.0,49280.0,,7.0,"13 50 N, 88 55 W","21,041 sq km","20,721 sq km",320 sq km,590 km,307 km,"2,730 m",0 m,13.6,11.7,74.7,33.1,10.9,30.7,274 sq km,San Salvador,"13 42 N, 89 12 W",Republic,18.0,5.0,63.0,2.0,9012.0,,422.0,,,,
EQUATORIAL GUINEA,11000.0,650000.0,.gq,864000.0,1000.0,1737695.0,3.36,29.46,8.9,13.01,20.3,1.15,77.85,4.19,95.3,97.4,93.0,18.3,23.92,,-0.95,14600.0,9.24,18.3,2.6,3.3,-3.3,37.4,calendar year,8.78,6.25,554.531,44.0,66.0,349000.0,,142600.0,,,5094.0,4569369000.0,4.0,"2 00 N, 10 00 E","28,051 sq km","28,051 sq km",0 sq km,528 km,296 km,"3,008 m",0 m,57.5,32.4,10.1,4.3,2.1,3.7,,"Malabo; note - Malabo is on the island of Bioko; in 2017, some governmental offices began to move to a new capital of Ciudad de la","3 45 N, 8 47 E",Republic,18.0,6.0,1.0,,2880.0,,,42.0,,,
ERITREA,66000.0,1800000.0,.er,792000.0,5000.0,6274796.0,1.08,26.72,6.6,9.38,20.3,0.97,40.63,3.5,76.6,14.7,0.2,14.6,9.7,,5.0,1600.0,8.05,14.6,633.0,9.8,-9.8,131.2,calendar year,624.3,1.13,15.075,50.0,52.0,228000.0,,0.0,,,3897.0,,798000.0,"15 00 N, 39 00 E","117,600 sq km","101,000 sq km","16,600 sq km","1,840 km","2,234 km","3,018 m",-75 m,15.1,9.8,75.1,6.8,0.0,68.3,210 sq km,Asmara,"15 20 N, 38 56 E",Republic,18.0,4.0,9.0,1.0,16000.0,306.0,,,,,
ESTONIA,296620.0,1980838.0,.ee,1183000.0,415610.0,1202762.0,0.74,8.48,13.13,2.73,43.7,0.89,3.38,1.62,99.9,36.3,23.0,17.1,51.53,,8.01,38700.0,6.33,17.1,12.28,0.3,-0.3,23.77,calendar year,29.06,29.23,0.845,21.7,100.0,3030000.0,0.0,21800.0,,27150.0,35520.0,0.0,4.0,"59 00 N, 26 00 E","45,228 sq km","42,388 sq km","2,840 sq km",657 km,"3,794 km",318 m,0 m,52.1,25.7,22.2,14.9,0.1,7.2,20 sq km,Tallinn,"59 26 N, 24 43 E",Republic,18.0,13.0,5.0,1.0,58412.0,1441.0,335.0,2360.0,,,
ESWATINI,46000.0,1400000.0,.sz,708000.0,12000.0,1130043.0,0.72,22.83,9.53,6.07,23.7,0.9,38.12,2.41,88.4,16.5,1.8,50.9,10.56,,7.88,8900.0,25.76,50.9,1.13,8.5,-8.5,28.4,1 April - 31 March,2.13,2.17,14.783,58.9,82.0,286000.0,108000.0,0.0,,,5279.0,,1.0,"26 30 S, 31 30 E","17,364 sq km","17,204 sq km",160 sq km,546 km,0 km,"1,862 m",21 m,31.7,0.0,68.3,9.8,0.8,57.7,500 sq km,Mbabane,"26 19 S, 31 08 E",Monarchy,18.0,2.0,12.0,,3769.0,301.0,,,,,
ETHIOPIA,890000.0,65000000.0,.et,20400000.0,212000.0,116462712.0,2.42,29.97,5.6,0.19,19.8,0.99,32.44,3.92,51.8,8.8,1.3,5.7,278.94,,5.64,2300.0,3.69,5.7,11.31,3.2,-3.2,31.45,8 July - 7 July,9.5,20.86,43.734,23.5,54.0,4856000.0,0.0,0.0,,,69970.0,,16.0,"8 00 N, 38 00 E","1,104,300 sq km","1,096,570 sq km","7,730 sq km","5,925 km",0 km,"4,550 m",-125 m,12.2,51.5,36.3,15.2,1.1,20.0,"1,813 sq km",Addis Ababa,"9 02 N, 38 42 E",Republic,18.0,17.0,40.0,,120171.0,659.0,,,,,
EUROPEAN UNION,160149025.0,540557924.0,.eu;,389063826.0,163772540.0,,0.1,2020.0,2021.0,2.85,44.0,0.95,3.47,2021.0,,18.9,20.4,19.5,19739.0,,5.39,44100.0,7.05,19.5,,3.0,-3.0,86.8,,8705.0,8037.0,0.885,9.8,99.0,,,,11.0,2.0,,,3.0,,"4,236,351 sq km",,,"13,770 km","53,563.9 km","4,810 m",-7 m,,,,,,,"154,539.82 sq km",Brussels,"(Brussels) 50 50 N, 4 20 E",,18.0,1882.0,1244.0,,4894173.0,4894173.0,42000.0,,,,
FALKLAND ISLANDS (ISLAS MALVINAS),2000.0,6000.0,.fk,3762.0,1000.0,3662.0,0.01,10.9,4.9,,,1.12,,,,,,,206.4,,25.5,70800.0,1.0,,67.1,4.0,-4.0,0.0,1 April - 31 March,257.3,90.0,0.7836,,,11000.0,,0.0,,,286.0,,46000.0,"51 45 S, 59 00 W","12,173 sq km","12,173 sq km",0 sq km,0 km,"1,288 km",705 m,0 m,,7.6,92.4,,,92.4,,Stanley,"51 42 S, 57 51 W",Democracy,18.0,2.0,5.0,,440.0,,,,,,
FAROE ISLANDS,15000.0,59000.0,.fo,51728.0,18443.0,52600.0,0.63,14.94,8.61,0.0,37.2,1.07,5.86,2.28,,,,,2.0,,5.9,40000.0,2.2,,835.6,1.7,-1.7,35.0,calendar year,1.18,978.4,6.287,10.0,100.0,128000.0,,0.0,,,4555.0,,870000.0,"62 00 N, 7 00 W","1,393 sq km","1,393 sq km",0 sq km,0 km,"1,117 km",882 m,0 m,0.1,97.8,2.1,2.1,0.0,0.0,,Torshavn,"62 00 N, 6 46 W",Democracy,18.0,1.0,460.0,,960.0,,,,,,
FIJI,49000.0,990000.0,.fj,500000.0,23062.0,947760.0,0.42,16.25,6.44,5.65,29.9,1.03,9.85,2.23,99.1,35.6,10.5,18.1,9.58,,-5.11,10400.0,5.24,18.1,885.0,4.0,-4.0,48.9,calendar year,1.17,2.34,2.071,29.9,92.0,393000.0,,0.0,,,17460.0,,1.0,"18 00 S, 175 00 E","18,274 sq km","18,274 sq km",0 sq km,0 km,"1,129 km","1,324 m",0 m,55.7,21.0,23.3,9.0,4.7,9.6,40 sq km,Suva,"18 08 S, 178 25 E",Republic,18.0,4.0,24.0,,3440.0,597.0,203.0,,,,
FINLAND,207000.0,7000000.0,.fi,5115000.0,1846000.0,5614571.0,0.22,10.33,10.37,2.25,42.8,0.97,2.11,1.74,,26.9,16.3,18.1,275.55,,2.1,49600.0,7.53,18.1,140.64,0.6,-0.6,61.3,calendar year,116.91,116.28,0.845,12.2,100.0,20418000.0,762000.0,8300.0,310600.0,166200.0,122200.0,0.0,41.0,"64 00 N, 26 00 E","338,145 sq km","303,815 sq km","34,330 sq km","2,563 km","1,250 km","1,328 m",0 m,72.9,19.6,7.5,7.4,0.0,0.1,80 sq km,Helsinki,"60 10 N, 24 56 E",Republic,18.0,74.0,74.0,,454000.0,5918.0,8000.0,1288.0,,,
FRANCE,35500000.0,73830000.0,.fr,60421689.0,31520000.0,47222613.0,0.12,7.1,10.1,4.2,46.3,0.95,2.4,1.29,98.6,28.6,26.7,36.9,3048.0,2778.0,6.8,45900.0,8.1,18.8,1392.0,,7.0,123.0,calendar year,569.1,571.4,0.85,13.6,100.0,138611000.0,2312000.0,81500.0,1.0,440600.0,886800.0,16226000.0,338.0,"metropolitan France: 46 00 N, 2 00 E;","643,801 sq km","640,427 sq km","3,374 sq km","3,956 km","4,853 km",,-2 m,29.2,18.1,52.7,33.4,1.8,17.5,"14,236 sq km",Madrid,"40 24 N, 3 41 W",Monarchy,18.0,294.0,170.0,1.0,1053215.0,27860.0,,15322.0,2939.0,,
FRENCH POLYNESIA,108051.0,322918.0,.pf,218100.0,64000.0,301488.0,0.7,13.22,5.67,0.61,33.3,1.05,4.34,1.8,,35.4,43.9,38.9,5.65,,1.02,18600.0,14.39,38.9,1.89,1.2,1.2,,calendar year,162.0,1.66,100.88,19.7,100.0,272000.0,,0.0,,,6785.0,,1.0,"15 00 S, 140 00 W","4,167 sq km","3,827 sq km",340 sq km,0 km,"2,525 km","2,241 m",0 m,43.7,43.8,12.5,0.7,6.3,5.5,10 sq km,Papeete,"17 32 S, 149 34 W",Democracy,18.0,45.0,9.0,1.0,2590.0,,,,,,
GABON,31708.0,3144609.0,.ga,1656000.0,44607.0,2397368.0,2.39,25.89,5.59,3.59,21.0,1.07,27.7,3.26,85.5,86.2,84.7,38.4,32.34,16.06,1.46,13800.0,22.26,38.4,3.3,1.9,-1.9,62.7,calendar year,10.8,5.02,554.531,33.4,91.0,784000.0,,175000.0,16580.0,4662.0,10680.0,319102000.0,2.0,"1 00 S, 11 45 E","267,667 sq km","257,667 sq km","10,000 sq km","3,261 km",885 km,"1,050 m",0 m,81.0,0.0,19.0,1.2,0.6,17.2,40 sq km,Libreville,"0 23 N, 9 27 E",Republic,18.0,14.0,30.0,,14300.0,649.0,1600.0,807.0,1639.0,,
"GAMBIA, THE",60000.0,27000000.0,.gm,858000.0,5000.0,2468569.0,2.23,28.03,5.71,0.04,21.8,0.98,36.44,3.66,58.1,21.4,0.8,15.5,5.48,1.75,4.27,2100.0,11.21,15.5,252.0,2.6,-2.6,88.0,calendar year,135.45,726.0,51.484,48.6,63.0,137000.0,,0.0,,42.0,3738.0,,606000.0,"13 28 N, 16 34 W","11,300 sq km","10,120 sq km","1,180 sq km",749 km,80 km,,0 m,43.9,0.0,56.1,41.0,0.5,14.6,50 sq km,Banjul,"13 27 N, 16 34 W",Republic,18.0,1.0,2459.0,,2977.0,,390.0,,,,
GAZA STRIP,485829.0,4052966.0,.ps;,3602452.0,376911.0,2098389.0,1.99,27.2,2.88,4.46,18.0,1.02,14.87,3.34,97.5,98.8,96.2,39.6,27.78,2.94,7.05,5600.0,24.9,39.6,3.8,,,,calendar year,3.18,10.24,,30.0,100.0,215000.0,,0.0,,,,,3.0,"31 25 N, 34 20 E",360 sq km,360 sq km,0 sq km,72 km,40 km,105 m,0 m,,,,,,,,,,,,1.0,,1.0,,,,,,,
GEORGIA,337923.0,5163558.0,.ge,2888000.0,986809.0,4936390.0,0.01,10.79,10.76,0.06,38.6,0.92,14.45,1.75,99.6,56.3,7.1,28.3,57.43,17.69,10.47,15500.0,10.66,28.3,4.74,3.8,-3.8,65.88,calendar year,8.09,11.15,3.222,19.5,100.0,4579000.0,99000.0,300.0,247.0,2052.0,28490.0,6088000.0,10.0,"42 00 N, 43 30 E","69,700 sq km","69,700 sq km",0 sq km,"1,814 km",310 km,"5,193 m",0 m,39.4,25.1,35.5,5.8,1.8,27.9,"4,330 sq km",Tbilisi,"41 41 N, 44 50 E",Republic,18.0,18.0,4.0,2.0,20295.0,1363.0,,1596.0,1175.0,,
GERMANY,38800000.0,107200000.0,.de,79127551.0,37736000.0,84220184.0,0.12,9.02,11.97,1.78,47.8,0.98,3.14,1.58,,24.1,19.9,7.0,4260.0,4230.0,1.8,51200.0,3.0,7.5,1797.0,12.8,,63.9,calendar year,1813.0,1665.0,0.85,14.8,100.0,218000000.0,114860000.0,135000.0,2158000.0,494000.0,883800.0,5129000000.0,726881000.0,"51 00 N, 9 00 E","357,022 sq km","348,672 sq km","8,350 sq km","3,694 km","2,389 km","2,963 m",-3.5 m,31.8,20.2,48.0,34.1,0.6,13.3,"5,056 sq km",Berlin,"52 31 N, 13 24 E",Republic,18.0,318.0,221.0,23.0,830000.0,39379.0,7300.0,26985.0,2400.0,4479.0,8.0
GHANA,315271.0,40454073.0,.gh,22440000.0,78371.0,33846114.0,2.19,28.04,5.99,0.16,21.4,0.95,31.87,3.61,79.0,6.6,0.3,9.6,178.46,65.36,5.36,5400.0,4.7,9.6,9.49,6.0,-6.0,71.8,calendar year,23.9,25.97,5.806,23.4,86.0,5312000.0,0.0,185700.0,2073.0,2654.0,85110.0,1598653000.0,18.0,"8 00 N, 2 00 W","238,533 sq km","227,533 sq km","11,000 sq km","2,420 km",539 km,885 m,0 m,21.2,9.7,69.1,20.7,11.9,36.5,360 sq km,Accra,"5 33 N, 0 13 W",Republic,18.0,7.0,3.0,,65725.0,947.0,1293.0,,,,
GIBRALTAR,17000.0,34000.0,.gi,31152.0,21009.0,29629.0,0.19,13.84,8.74,3.24,35.5,1.01,6.13,1.9,,,,,2.04,2.04,,61700.0,1.0,,475.8,1.1,1.1,7.5,1 July - 30 June,202.3,2.97,0.727,,100.0,43000.0,,0.0,,,74200.0,0.0,14.0,"36 08 N, 5 21 W",7 sq km,6.5 sq km,0 sq km,1.2 km,12 km,426 m,0 m,,100.0,0.0,,,,,Gibraltar,"36 08 N, 5 21 W",Democracy,18.0,1.0,,,29.0,,,,,,
GREECE,4913036.0,11494008.0,.gr,7800000.0,4257026.0,10497595.0,0.35,7.52,12.02,1.03,45.3,0.96,3.49,1.4,97.9,36.5,30.5,36.9,314.43,209.79,8.43,29500.0,14.8,36.9,98.52,0.8,0.8,252.29,calendar year,87.52,103.53,0.845,17.9,100.0,21545000.0,13851000.0,4800.0,655400.0,371900.0,192200.0,5748000.0,70.0,"39 00 N, 22 00 E","131,957 sq km","130,647 sq km","1,310 sq km","1,110 km","13,676 km",,0 m,30.5,6.1,63.4,19.7,8.9,34.8,"11,853 sq km",Athens,"37 59 N, 23 44 E",Republic,17.0,68.0,9.0,9.0,117000.0,2345.0,6.0,1466.0,94.0,,
GREENLAND,6352.0,66605.0,.gl,38920.0,15649.0,57777.0,0.04,13.66,9.07,4.95,34.3,1.07,8.6,1.9,100.0,100.0,100.0,,2.41,2.22,0.36,41800.0,9.1,,1.72,5.6,5.6,13.0,calendar year,407.1,783.5,6.287,16.2,100.0,187000.0,,0.0,,,3973.0,,605000.0,"72 00 N, 40 00 W","2,166,086 sq km","2,166,086 sq km",,0 km,"44,087 km","3,694 m",0 m,0.0,99.4,0.6,0.0,0.0,0.6,,Nuuk,"64 11 N, 51 45 W",Democracy,18.0,10.0,5.0,,,,,,,,
GRENADA,26000.0,100000.0,.gd,93600.0,32000.0,114299.0,0.29,13.61,8.34,2.34,33.3,1.03,9.2,1.92,98.6,98.6,98.6,,1.71,1.12,4.69,13700.0,24.0,,323.0,3.2,3.2,70.4,calendar year,393.77,650.0,2.7,38.0,93.0,55000.0,,0.0,,,1886.0,0.0,316000.0,"12 07 N, 61 40 W",344 sq km,344 sq km,0 sq km,0 km,121 km,840 m,0 m,50.0,17.7,32.3,8.8,20.6,2.9,20 sq km,Saint George’s,"12 03 N, 61 45 W",Democracy,18.0,3.0,225.0,,1127.0,,,,,,
GUAM,70000.0,98000.0,.gu,136850.0,3000.0,169330.0,0.13,18.33,6.08,10.94,29.4,1.06,11.2,2.76,,14.7,16.1,15.3,5.79,5.79,1.06,35600.0,6.98,15.3,1.24,1.0,-1.0,22.1,1 October - 30 September,1.12,2.96,,23.0,100.0,455000.0,,0.0,,,13500.0,,1.0,"13 28 N, 144 47 E",544 sq km,544 sq km,0 sq km,0 km,125.5 km,406 m,0 m,47.9,18.7,33.4,1.9,16.7,14.8,2 sq km,Hagatna,"13 28 N, 144 44 E",Republic,18.0,4.0,1.0,,1045.0,,,,,,
GUATEMALA,2319643.0,22124839.0,.gt,9180000.0,612000.0,17980803.0,1.54,21.88,4.89,1.63,23.2,0.98,25.57,2.57,83.3,20.1,1.6,7.2,152.73,76.68,7.98,8900.0,3.57,7.2,8.65,1.3,-1.3,31.56,calendar year,15.32,27.39,7.734,59.3,97.0,5185000.0,0.0,10300.0,1162.0,10810.0,97900.0,,19.0,"15 30 N, 90 15 W","108,889 sq km","107,159 sq km","1,730 sq km","1,667 km",400 km,"4,220 m",0 m,33.6,25.2,41.2,14.2,8.8,18.2,"3,375 sq km",Guatemala City,"14 37 N, 90 31 W",Republic,18.0,16.0,275.0,1.0,17440.0,800.0,990.0,,480.0,,
GUERNSEY,33930.0,71485.0,.gg,55069.0,25336.0,67642.0,0.22,9.73,9.17,1.64,44.3,0.99,3.3,1.59,,15.9,15.6,15.8,3.46,2.74,0.4,52500.0,7.37,15.8,563.6,1.2,1.2,,calendar year,,,0.7836,,100.0,,,,,,,,,"49 28 N, 2 35 W",78 sq km,78 sq km,0 sq km,0 km,50 km,114 m,0 m,,,,,,,,Saint Peter Port,"49 27 N, 2 32 W",Democracy,16.0,2.0,,,260.0,,,,,,
GUINEA,,,,,,13607249.0,2.75,35.47,7.97,0.0,19.1,1.0,48.32,4.82,45.3,61.2,31.3,8.2,,,,,,8.2,,,,,,,,,,,,,,,,,,,"11 00 N, 10 00 W","245,857 sq km","245,717 sq km",140 sq km,"4,046 km",320 km,"1,752 m",0 m,26.5,15.4,58.1,11.8,2.8,43.5,950 sq km,Conakry,"9 30 N, 13 42 W",Republic,18.0,,,,,,,,,,
GUINEA-BISSAU,261440.0,19859981.0,.sn,9860000.0,153813.0,2078820.0,2.54,36.25,7.32,3.54,18.0,0.96,47.69,4.65,52.9,17.0,0.9,12.8,58.99,23.58,6.06,3500.0,3.72,5.0,4.76,3.6,-3.6,48.3,calendar year,5.29,8.96,554.531,46.7,67.0,1312000.0,0.0,0.0,17590.0,4063.0,32050.0,60003000.0,10.0,"12 00 N, 15 00 W","36,125 sq km","28,120 sq km","8,005 sq km",762 km,350 km,277 m,0 m,55.2,0.0,44.8,8.2,6.9,29.7,250 sq km,Bissau,"11 51 N, 15 35 W",Republic,18.0,9.0,11.0,,16665.0,906.0,1000.0,43.0,,,
GUYANA,130000.0,860000.0,.gy,680000.0,95000.0,791739.0,0.28,16.74,6.95,6.99,27.5,1.04,21.63,2.06,88.8,21.7,2.4,29.9,17.64,3.56,20.06,21900.0,16.42,29.9,1.33,4.5,-4.5,52.2,calendar year,4.64,6.61,208.5,35.0,92.0,380000.0,,110200.0,,,13720.0,,2.0,"5 00 N, 59 00 W","214,969 sq km","196,849 sq km","18,120 sq km","2,933 km",459 km,"2,775 m",0 m,77.4,14.2,8.4,2.1,0.1,6.2,"1,430 sq km",Georgetown,"6 48 N, 58 09 W",Republic,18.0,11.0,106.0,,3995.0,,330.0,,,,
HAITI,,,,,,11334637.0,2.23,22.31,7.23,-2.4,24.1,0.99,38.35,2.79,61.7,65.3,58.3,33.2,,,,,,,,,,,,,,,,,,,,,,,,,"19 00 N, 72 25 W","27,750 sq km","27,560 sq km",190 sq km,376 km,"1,771 km","2,680 m",0 m,3.6,64.1,66.4,38.5,10.2,17.7,970 sq km,,,,,,,,,,,,,,
HONDURAS,465521.0,7560710.0,.hn,4800000.0,396916.0,9571352.0,1.16,17.64,4.69,1.32,24.4,0.95,14.77,1.98,88.5,88.2,88.7,15.5,57.27,25.14,12.53,5600.0,8.51,15.5,6.48,2.7,-2.7,39.5,calendar year,7.94,14.49,24.017,48.3,94.0,3991000.0,0.0,0.0,,12870.0,56120.0,,8.0,"15 00 N, 86 30 W","112,090 sq km","111,890 sq km",200 sq km,"1,575 km",823 km,"2,870 m",0 m,45.3,25.9,28.8,9.1,4.0,15.7,900 sq km,"Tegucigalpa; note - article eight of the Honduran constitution states that the twin cities of Tegucigalpa and Comayaguela, jointly,","14 06 N, 87 13 W",Republic,18.0,13.0,90.0,,14742.0,699.0,465.0,,,,
HONG KONG,,,,,,7288167.0,0.15,7.85,8.03,1.65,45.6,0.86,2.52,1.23,,16.3,13.6,15.0,,,,,,15.0,,,,,,,,,,,,,,,,,,,"22 15 N, 114 10 E","1,108 sq km","1,073 sq km",35 sq km,33 km,733 km,958 m,0 m,0.0,95.0,5.0,3.2,0.9,0.9,10 sq km,,,Republic,18.0,,,,,,,,,,
HUNGARY,2955979.0,10248653.0,.hu,8633000.0,,9670009.0,0.31,8.58,12.89,1.21,43.6,0.91,4.55,1.49,99.1,35.8,27.8,13.5,326.19,163.25,7.12,33600.0,4.12,13.5,70.83,2.0,-2.0,96.11,calendar year,148.23,147.58,303.141,12.3,100.0,10873000.0,6956000.0,35200.0,152400.0,58720.0,82110.0,1685000000.0,48.0,"47 00 N, 20 00 E","93,028 sq km","89,608 sq km","3,420 sq km","2,106 km",0 km,"1,014 m",78 m,22.5,18.6,58.9,48.5,2.0,8.4,"1,010 sq km",Budapest,"47 30 N, 19 05 E",Republic,18.0,20.0,21.0,3.0,203601.0,7687.0,1622.0,5874.0,,,
ICELAND,100482.0,437270.0,.is,370000.0,141816.0,360872.0,0.89,12.8,6.57,2.69,37.1,1.0,1.63,1.95,,11.9,12.0,13.4,19.96,24.61,4.4,53600.0,5.4,13.4,11.78,1.5,1.5,100.02,calendar year,9.78,10.23,126.989,8.8,100.0,2967000.0,0.0,0.0,,2530.0,20220.0,,3.0,"65 00 N, 18 00 W","103,000 sq km","100,250 sq km","2,750 sq km",0 km,"4,970 km","2,110 m",0 m,0.3,81.0,18.7,1.2,0.0,17.5,0.5 sq km,Reykjavik,"64 09 N, 21 57 W",Republic,18.0,7.0,89.0,,12898.0,,,,,,
INDIA,20090000.0,1166310000.0,.in,560000000.0,23000000.0,1399179585.0,0.7,16.53,9.65,0.12,28.7,1.06,30.36,2.07,74.4,41.3,13.0,28.3,9279.0,2836.0,8.68,6600.0,5.98,28.3,495.01,3.5,-3.5,46.52,1 April - 31 March,643.08,717.12,73.918,21.9,99.0,432768000.0,743214000.0,771400.0,4897000.0,1305000.0,653300.0,27734833000.0,2314738000.0,"20 00 N, 77 00 E","3,287,263 sq km","2,973,193 sq km","314,070 sq km","13,888 km","7,000 km","8,586 m",0 m,23.1,16.4,60.5,52.8,4.2,3.5,"715,539 sq km",New Delhi,"28 36 N, 77 12 E",Republic,18.0,253.0,93.0,45.0,6371847.0,68525.0,14500.0,16000.0,8943.0,13977.0,
INDONESIA,8998814.0,365872608.0,.id,167400000.0,11722218.0,279476346.0,0.76,15.05,6.77,0.71,31.1,1.0,19.31,1.99,96.0,71.4,3.7,16.1,3246.0,1119720000000.0,3.69,11900.0,4.41,16.1,130.87,2.7,-2.7,42.92,calendar year,246.87,217.72,14.0,9.4,99.0,69065000.0,563728000.0,842300.0,950000.0,79930.0,591500.0,62612013000.0,563.0,"5 00 S, 120 00 E","1,904,569 sq km","1,811,569 sq km","93,000 sq km","2,958 km","54,716 km","4,884 m",0 m,51.7,17.1,31.2,13.0,12.1,6.1,"67,220 sq km",Jakarta; note - Indonesian lawmakers on 18 January 2022 approved the relocation of the country’s capital from Jakarta to a site on,"6 10 S, 106 49 E",Republic,17.0,186.0,487.0,76.0,496607.0,8159.0,21579.0,1064.0,,,
IRAN,29306782.0,135899424.0,.ir,69520000.0,9564195.0,87590873.0,0.93,14.79,5.2,0.3,31.7,1.03,14.58,1.92,88.7,24.1,3.1,27.2,1319.0,581.25,4.72,15000.0,11.46,27.2,60.71,2.3,-2.3,39.5,21 March - 20 March,101.4,76.39,42.0,18.7,100.0,80553000.0,2783000.0,3450300.0,1.0,397200.0,64160.0,237561415000.0,646.0,"32 00 N, 53 00 E","1,648,195 sq km","1,531,595 sq km","116,600 sq km","5,894 km","2,440 km","5,625 m",-28 m,6.8,63.1,30.1,10.8,1.2,18.1,"79,721 sq km",Tehran,"35 42 N, 51 25 E",Republic,18.0,140.0,179.0,26.0,223485.0,,850.0,973.0,,,
IRAQ,3048736.0,37649112.0,.iq,21560000.0,6254099.0,41266109.0,1.94,24.22,3.88,0.98,21.2,1.01,19.17,3.17,85.6,35.1,1.8,27.2,390.17,231.99,2.78,9000.0,14.19,27.2,51.53,4.2,-4.2,27.44,calendar year,78.26,50.71,1.0,23.0,100.0,28369000.0,,,398000.0,8284.0,255100.0,10711000000.0,143.0,"33 00 N, 44 00 E","438,317 sq km","437,367 sq km",950 sq km,"3,809 km",58 km,"3,611 m",0 m,1.9,80.0,18.1,8.4,0.5,9.2,"35,250 sq km",Baghdad,"33 20 N, 44 24 E",Republic,18.0,72.0,30.0,16.0,59623.0,2272.0,5279.0,2455.0,5432.0,,
IRELAND,1595061.0,5373865.0,.ie,4750000.0,1516473.0,5323991.0,0.91,12.08,6.74,3.76,37.8,1.0,3.41,1.91,,22.5,19.0,17.4,515.88,398.48,13.59,102500.0,6.63,17.4,99.78,0.3,-0.3,71.58,calendar year,677.03,477.54,0.845,13.1,100.0,11430000.0,0.0,600.0,64970.0,37040.0,126600.0,2652000000.0,35.0,"53 00 N, 8 00 W","70,273 sq km","68,883 sq km","1,390 sq km",490 km,"1,448 km","1,041 m",0 m,10.9,23.0,66.1,15.4,0.0,50.7,0 sq km,Dublin,"53 19 N, 6 14 W",Republic,18.0,16.0,24.0,,99830.0,1688.0,956.0,2427.0,,,
ISLE OF MAN,,,.im,,,91840.0,0.48,10.49,10.17,4.52,44.6,1.01,4.16,1.88,,11.8,8.2,10.1,6.79,6.79,0.25,84600.0,1.1,10.1,965.0,0.3,0.3,,1 April - 31 March,,,0.727,,100.0,,,,,,,,,"54 15 N, 4 30 W",572 sq km,572 sq km,0 sq km,0 km,160 km,621 m,0 m,6.1,19.2,74.7,43.8,0.0,30.9,,Douglas,"54 09 N, 4 29 W",Democracy,16.0,1.0,,,1107.0,63.0,,,,,
ISRAEL,3500000.0,12500000.0,.il,8010000.0,2602079.0,9043387.0,1.43,17.3,5.05,1.99,30.4,1.01,3.49,2.54,97.8,28.9,13.5,8.8,393.86,394.93,8.61,42100.0,5.05,8.8,139.37,2.0,-2.0,72.6,calendar year,143.88,124.58,3.23,22.0,100.0,18993000.0,0.0,0.0,294300.0,111700.0,98860.0,10474000000.0,61.0,"31 30 N, 34 45 E","21,937 sq km","21,497 sq km",440 sq km,"1,068 km",273 km,,-431 m,7.1,69.1,23.8,13.7,3.8,6.3,"2,159 sq km",Jerusalem; note - the US recognized Jerusalem as Israel’s capital in December 2017 without taking a position on the specific,"31 46 N, 35 14 E",Democracy,18.0,33.0,9.0,3.0,20391.0,1497.0,,763.0,442.0,,
ITALY,19994902.0,78114933.0,.it,44250000.0,18128787.0,61021855.0,0.11,7.0,11.27,3.2,46.5,0.93,3.11,1.24,99.2,26.6,19.5,30.9,2478.0,2002763000000.0,6.74,41900.0,9.83,30.9,901.49,2.3,-2.3,131.8,calendar year,687.95,637.93,0.845,20.1,100.0,121442000.0,1456000.0,107700.0,1.0,615900.0,422500.0,3888491000.0,332.0,"42 50 N, 12 50 E","301,340 sq km","294,140 sq km","7,200 sq km","1,836.4 km","7,600 km","4,748 m",0 m,31.4,21.5,47.1,22.8,8.6,15.7,"26,010 sq km",Rome,"41 54 N, 12 29 E",Republic,18.0,98.0,31.0,5.0,487700.0,18475.0,2400.0,20223.0,1393.0,,
JAMAICA,473617.0,2905408.0,.jm,2296000.0,385603.0,2820982.0,0.09,15.77,7.44,7.42,29.4,0.98,10.92,2.05,88.7,22.1,31.4,26.1,27.14,15.85,4.6,9600.0,9.18,26.1,4.03,0.5,0.5,106.28,1 April - 31 March,4.38,7.41,150.79,17.1,100.0,1216000.0,0.0,3000.0,24250.0,823.0,30580.0,0.0,10.0,"18 15 N, 77 30 W","10,991 sq km","10,831 sq km",160 sq km,0 km,"1,022 km","2,256 m",0 m,31.1,27.5,41.4,11.1,9.2,21.1,250 sq km,Kingston,"18 00 N, 76 48 W",Democracy,18.0,11.0,17.0,,22121.0,,,,,,
JAPAN,61210000.0,204700000.0,.jp,116565962.0,43730000.0,123719238.0,0.41,6.9,11.74,0.74,48.6,0.95,1.88,1.39,,30.1,10.0,4.4,4940.0,5060.0,1.0,39300.0,2.6,4.1,1714.0,,8.2,261.3,1 April - 31 March,756.0,721.0,110.2,15.7,100.0,306000000.0,0.0,3200.0,3467000.0,370900.0,582500.0,2321000000.0,1135887000.0,"36 00 N, 138 00 E","377,915 sq km","364,485 sq km","13,430 sq km",0 km,"29,751 km","3,776 m",-4 m,68.5,19.0,12.5,11.7,0.8,0.0,"15,730 sq km",Tokyo,"35 41 N, 139 45 E",Monarchy,18.0,142.0,33.0,16.0,1218772.0,27311.0,1770.0,4456.0,174.0,,104.0
JERSEY,48122.0,124083.0,.je,96038.0,39699.0,102785.0,0.61,12.31,7.75,1.5,37.5,0.97,3.81,1.66,,15.9,15.6,15.8,5.57,5.0,1.0,56600.0,7.37,15.8,829.0,0.4,-0.4,,1 April - 31 March,,,0.7836,,100.0,,,,,,,,450000.0,"49 15 N, 2 10 W",116 sq km,116 sq km,0 sq km,0 km,70 km,136 m,0 m,,34.0,66.0,66.0,,,,Saint Helier,"49 11 N, 2 06 W",Democracy,16.0,1.0,,,576.0,,,,,,
JORDAN,427517.0,7275563.0,.jo,9130000.0,630545.0,11086716.0,0.79,22.37,3.47,10.99,23.5,1.1,13.56,2.91,98.4,56.8,12.8,40.5,102.82,44.57,2.23,9200.0,19.25,40.5,10.81,5.1,-5.1,75.14,calendar year,13.86,23.39,0.71,15.7,99.0,5644000.0,0.0,0.0,67240.0,,68460.0,115872000.0,23.0,"31 00 N, 36 00 E","89,342 sq km","88,802 sq km",540 sq km,"1,744 km",26 km,"1,854 m",-431 m,1.1,87.5,11.4,2.0,1.0,8.4,833 sq km,Amman,"31 57 N, 35 56 E",Monarchy,18.0,16.0,2.0,1.0,7203.0,509.0,,473.0,49.0,,
KAZAKHSTAN,2997400.0,24323000.0,.kz,17290000.0,2620400.0,19543464.0,0.73,14.92,8.05,0.39,31.6,0.9,18.77,2.08,99.8,39.6,6.7,3.7,496.13,181.19,4.3,26100.0,4.9,3.7,29.95,1.8,-1.8,26.63,calendar year,66.13,49.2,425.908,4.3,100.0,25022000.0,102338000.0,1864900.0,290700.0,105900.0,39120.0,25786000000.0,263.0,"48 00 N, 68 00 E","2,724,900 sq km","2,699,700 sq km","25,200 sq km","13,364 km",0 km,"7,010 m",-132 m,1.2,21.4,77.4,8.9,0.0,68.5,"18,099 sq km",Astana,"51 10 N, 71 25 E",Republic,18.0,63.0,33.0,3.0,96167.0,16636.0,43983.0,15429.0,,,
KENYA,61096.0,65085720.0,.ke,15370000.0,674191.0,57052004.0,2.09,26.01,4.95,0.19,20.0,1.0,26.94,3.23,82.6,19.5,2.7,13.8,251.43,95.52,7.52,4700.0,5.74,13.8,16.89,6.7,-6.7,54.2,1 July - 30 June,11.82,21.85,109.638,36.1,76.0,3304000.0,0.0,0.0,13960.0,173.0,90620.0,0.0,17.0,"1 00 N, 38 00 E","580,367 sq km","569,140 sq km","11,227 sq km","3,457 km",536 km,"5,199 m",0 m,6.1,45.8,48.1,9.8,0.9,37.4,"1,030 sq km",Nairobi,"1 17 S, 36 49 E",Republic,18.0,16.0,181.0,,161452.0,3819.0,,,1432.0,,
KIRIBATI,10.0,54527.0,.ki,70200.0,185.0,115372.0,1.02,19.92,6.91,2.79,25.7,0.94,32.2,2.18,,53.9,27.3,22.5,249.64,197.0,1.5,1900.0,30.6,22.5,281.0,64.1,-64.1,26.3,,10.75,201.98,1.331,,92.0,11000.0,,0.0,,,420.0,,76000.0,"1 25 N, 173 00 E",811 sq km,811 sq km,0 sq km,0 km,"1,143 km",81 m,0 m,15.0,43.0,42.0,2.5,39.5,0.0,0 sq km,Tarawa,"1 21 N, 173 02 E",Republic,18.0,4.0,15.0,,670.0,,5.0,,,,
"KOREA, NORTH",1200000.0,6000000.0,.kp,,,26072217.0,0.44,14.06,9.66,0.04,34.6,0.95,22.0,1.89,100.0,34.8,0.0,6.1,40.0,28.0,-1.1,1700.0,2.59,6.1,3.2,0.4,-0.4,,calendar year,222.0,2.32,135.0,,52.0,8413000.0,16376000.0,0.0,11270.0,0.0,8260.0,,18.0,"40 00 N, 127 00 E","120,538 sq km","120,408 sq km",130 sq km,"1,607 km","2,495 km","2,744 m",0 m,46.0,32.2,21.8,19.5,1.9,0.4,"14,600 sq km",Pyongyang,"39 01 N, 125 45 E",Other,17.0,39.0,43.0,23.0,25554.0,7435.0,2250.0,,,,
"KOREA, SOUTH",23213189.0,72855492.0,.kr,50960000.0,22327182.0,51966948.0,0.23,6.95,7.28,2.61,43.2,1.01,2.83,1.11,,35.7,5.9,7.8,2289.0,1646604000000.0,4.15,44200.0,3.53,7.8,378.55,1.4,1.4,46.43,calendar year,771.2,698.1,1.0,14.4,100.0,135789000.0,16364000.0,37400.0,3.0,1.0,908800.0,240042000.0,686.0,"37 00 N, 127 30 E","99,720 sq km","96,920 sq km","2,800 sq km",237 km,"2,413 km","1,950 m",0 m,63.9,18.0,18.1,15.3,2.2,0.6,"7,780 sq km","Seoul; note - Sejong, located some 120 km","37 33 N, 126 59 E",Republic,18.0,71.0,40.0,466.0,100428.0,3979.0,1600.0,3790.0,16.0,,
KOSOVO,383763.0,1777859.0,.xk;,1756300.0,,1964327.0,,,,,,,,,,44.9,57.3,48.8,21.23,7.93,10.75,11900.0,30.5,48.8,1.95,2.1,-2.1,21.2,,3.14,6.13,0.845,17.6,100.0,1424000.0,8538000.0,,,192.0,14040.0,,8.0,"42 35 N, 21 00 E","10,887 sq km","10,887 sq km",0 sq km,714 km,0 km,"2,656 m",297 m,41.7,5.5,52.8,27.4,1.9,23.5,,Pristina,"42 40 N, 21 10 E",Republic,18.0,3.0,3.0,2.0,2012.0,437.0,,,,,
KUWAIT,580000.0,6918180.0,.kw,4300000.0,73948.0,3103580.0,1.13,17.65,2.27,4.07,29.7,1.37,7.27,2.22,96.5,33.5,2.2,25.5,191.52,134.64,-8.86,43900.0,3.71,25.5,77.99,10.0,-10.0,20.6,1 April - 31 March,77.12,48.95,0.302,,100.0,19371000.0,0.0,2720500.0,915800.0,705500.0,0.0,19509907000.0,92.0,"29 30 N, 45 45 E","17,818 sq km","17,818 sq km",0 sq km,475 km,499 km,300 m,0 m,0.4,91.1,8.5,0.6,0.3,7.6,100 sq km,Kuwait City,"29 22 N, 47 58 E",Monarchy,21.0,4.0,3.0,4.0,5749.0,,,261.0,540.0,,
KYRGYZSTAN,300000.0,8500000.0,.kg,5070000.0,289000.0,6122781.0,0.82,19.08,6.07,4.83,27.3,0.96,25.08,2.47,99.6,48.0,2.8,19.3,32.22,8.44,3.61,4800.0,9.1,19.3,2.88,3.2,-3.2,72.23,calendar year,3.35,5.92,84.641,20.1,99.0,4626000.0,2287000.0,700.0,6996.0,2290.0,34280.0,25542000.0,7.0,"41 00 N, 75 00 E","199,951 sq km","191,801 sq km","8,150 sq km","4,573 km",0 km,"7,439 m",132 m,5.1,39.5,55.4,6.7,0.4,48.3,"10,043 sq km",Bishkek,"42 52 N, 74 36 E",Republic,18.0,18.0,10.0,,34000.0,424.0,576.0,4195.0,,,
LAOS,1300195.0,4822973.0,.la,4588000.0,128000.0,7852377.0,1.3,20.35,6.26,1.09,24.0,0.99,36.56,2.3,87.1,53.3,10.3,3.3,58.26,16.97,2.53,7800.0,1.26,3.3,2.9,5.5,-5.5,63.6,1 October - 30 September,7.82,6.53,9.0,18.3,100.0,9346000.0,16040000.0,0.0,,,17460.0,,40.0,"18 00 N, 105 00 E","236,800 sq km","230,800 sq km","6,000 sq km","5,274 km",0 km,"2,817 m",70 m,67.9,21.5,10.6,6.2,0.7,3.7,"4,409 sq km",Vientiane,"17 58 N, 102 36 E",Communist,18.0,8.0,33.0,,39586.0,422.0,4600.0,,,,
LATVIA,191798.0,2161725.0,.lv,1729000.0,490569.0,1821750.0,1.13,8.5,14.69,5.06,44.4,0.87,4.78,1.55,99.9,50.3,23.7,15.5,60.46,34.08,4.07,32100.0,7.6,15.5,12.93,0.5,-0.5,36.3,calendar year,25.25,26.62,0.845,22.9,100.0,3089000.0,0.0,1600.0,,16180.0,54370.0,0.0,8.0,"57 00 N, 25 00 E","64,589 sq km","62,249 sq km","2,340 sq km","1,370 km",498 km,312 m,0 m,54.1,16.7,29.2,18.6,0.1,10.5,6 sq km,Riga,"56 57 N, 24 06 E",Republic,18.0,18.0,24.0,1.0,70244.0,2216.0,300.0,1213.0,,,
LEBANON,880000.0,4300000.0,.lb,4872000.0,432070.0,5331203.0,0.64,12.86,5.57,0.94,33.7,1.0,6.88,1.71,95.1,47.5,28.9,29.6,72.58,53.25,-7.0,13000.0,14.49,29.6,11.06,6.9,-6.9,146.8,calendar year,10.15,17.38,1.0,27.4,100.0,3768000.0,0.0,0.0,,,151100.0,,25.0,"33 50 N, 35 50 E","10,400 sq km","10,230 sq km",170 sq km,484 km,225 km,"3,088 m",0 m,13.4,23.3,63.3,11.9,12.3,39.1,"1,040 sq km",Beirut,"33 52 N, 35 30 E",Republic,21.0,5.0,3.0,1.0,21705.0,401.0,,88.0,,,
LESOTHO,9559.0,1821374.0,.ls,1104000.0,5060.0,2210646.0,0.76,23.01,10.9,4.52,24.7,0.98,47.04,2.88,81.0,43.1,5.4,37.4,5.24,2.46,1.35,2300.0,24.6,37.4,1.05,6.0,-6.0,33.7,1 April - 31 March,1.08,2.22,14.779,49.7,50.0,74000.0,,0.0,,,5118.0,,736000.0,"29 30 S, 28 30 E","30,355 sq km","30,355 sq km",0 sq km,"1,106 km",0 km,"3,482 m","1,400 m",1.5,22.4,76.1,10.1,0.1,65.9,12 sq km,Maseru,"29 19 S, 27 29 E",Monarchy,18.0,3.0,21.0,,5940.0,,,,,,
LIBERIA,6000.0,1700000.0,.lr,1768000.0,13000.0,5506280.0,2.71,36.26,6.46,2.67,18.0,1.0,43.2,4.73,48.3,14.3,2.0,3.2,7.39,3.07,4.99,1400.0,4.09,3.2,5.0,4.3,-4.3,34.4,calendar year,554.01,1.24,191.518,50.9,29.0,196000.0,,0.0,,,8181.0,,1.0,"6 30 N, 9 30 W","111,369 sq km","96,320 sq km","15,049 sq km","1,667 km",579 km,"1,447 m",0 m,44.6,27.3,28.1,5.2,2.1,20.8,30 sq km,Monrovia,"6 18 N, 10 48 W",Republic,18.0,2.0,27.0,,10600.0,429.0,,,,,
LIBYA,1600000.0,2900000.0,.ly,3095400.0,332000.0,7252573.0,1.54,20.88,3.45,2.05,25.8,1.04,10.95,3.04,91.0,96.7,85.6,50.5,147.94,52.26,31.37,22000.0,19.58,50.5,28.0,25.1,-25.1,4.7,calendar year,9.54,14.33,4.514,,70.0,10516000.0,,1252800.0,89620.0,16880.0,168200.0,12414736000.0,38.0,"25 00 N, 17 00 E","1,759,540 sq km","1,759,540 sq km",0 sq km,"4,339 km","1,770 km","2,267 m",-47 m,0.1,91.1,8.8,1.0,0.2,7.6,"4,700 sq km",Tripoli,"32 53 N, 13 10 E",Other,18.0,68.0,78.0,2.0,37000.0,,,3743.0,7005.0,,
LIECHTENSTEIN,2956500.0,11060700.0,.ch,8352000.0,4028238.0,39993.0,0.7,10.3,8.05,4.78,43.7,0.99,3.98,1.69,,9.4,8.8,9.1,618.23,731.5,4.22,71000.0,5.32,9.1,239.77,1.1,1.1,20.91,calendar year,571.38,480.52,0.914,16.0,100.0,22921000.0,0.0,300.0,61550.0,7345.0,165100.0,0.0,38.0,"47 16 N, 9 32 E",160 sq km,160 sq km,0 sq km,75 km,0 km,"2,599 m",430 m,43.1,19.3,37.6,18.8,0.0,18.8,0 sq km,Vaduz,"47 08 N, 9 31 E",Monarchy,18.0,40.0,23.0,2.0,71557.0,5296.0,1292.0,1800.0,94.0,,
LITHUANIA,290711.0,3726653.0,.lt,2436000.0,796814.0,2655755.0,1.04,9.09,15.17,4.34,44.5,0.86,3.61,1.61,99.8,42.1,21.8,19.0,110.09,54.6,5.98,39300.0,7.9,19.0,18.64,0.5,0.5,53.28,calendar year,53.4,50.38,0.845,20.6,100.0,3512000.0,0.0,4000.0,196500.0,174800.0,42490.0,0.0,14.0,"56 00 N, 24 00 E","65,300 sq km","62,680 sq km","2,620 sq km","1,545 km",90 km,294 m,0 m,34.6,20.6,44.8,34.9,0.5,9.4,16 sq km,,,,,22.0,39.0,,84166.0,1911.0,441.0,1921.0,,,
LUXEMBOURG,270000.0,880000.0,.lu,633600.0,235155.0,660924.0,1.58,11.59,7.17,11.39,39.5,1.02,3.21,1.63,,22.4,19.8,15.2,74.05,71.09,5.1,115700.0,5.23,15.2,31.74,1.5,1.5,23.0,calendar year,177.83,148.15,0.845,17.5,100.0,1899000.0,0.0,0.0,,,59020.0,0.0,11.0,"49 45 N, 6 10 E","2,586 sq km","2,586 sq km",0 sq km,327 km,0 km,559 m,133 m,33.5,15.8,50.7,24.0,0.6,26.1,0 sq km,Luxembourg,"49 36 N, 6 07 E",Monarchy,18.0,1.0,1.0,1.0,2875.0,271.0,37.0,142.0,,,
MACAU,110000.0,2800000.0,.mo,607200.0,208000.0,639971.0,0.71,8.82,4.81,3.13,40.8,0.9,4.5,1.23,97.1,11.7,6.6,9.2,44.49,53.84,19.27,64800.0,3.01,9.2,18.12,10.0,10.0,0.0,calendar year,26.62,22.79,8.006,,100.0,478000.0,,0.0,,,14180.0,0.0,2.0,"22 10 N, 113 33 E",28 sq km,28.2 sq km,0 sq km,3 km,41 km,172 m,0 m,,100.0,0.0,,,,0 sq km,,,Republic,18.0,1.0,,2.0,428.0,,,,,,
MADAGASCAR,26271.0,16279633.0,.mg,5800000.0,32000.0,28812195.0,2.22,28.14,5.92,0.0,20.3,1.0,38.27,3.55,77.3,42.7,12.8,4.8,42.32,13.96,4.4,1500.0,2.59,4.8,1.51,2.7,-2.7,36.0,calendar year,3.34,4.77,3.0,70.7,35.0,587000.0,0.0,0.0,,,18880.0,,4.0,"20 00 S, 47 00 E","587,041 sq km","581,540 sq km","5,501 sq km",0 km,"4,828 km","2,876 m",0 m,21.5,7.4,71.1,6.0,1.0,64.1,"10,860 sq km",Antananarivo,"18 55 S, 47 31 E",Republic,18.0,26.0,57.0,,31640.0,836.0,600.0,,,,
MALAWI,12465.0,11940135.0,.mw,4800000.0,12255.0,21279597.0,2.28,27.29,4.51,0.0,16.8,0.96,32.68,3.3,67.3,17.5,4.1,9.9,29.66,7.77,2.75,1500.0,7.02,9.9,1.63,3.4,-3.4,44.89,1 April - 31 March,1.54,3.58,749.527,51.5,14.0,618000.0,48000.0,0.0,,,4769.0,,1.0,"13 30 S, 34 00 E","118,484 sq km","94,080 sq km","24,404 sq km","2,857 km",0 km,"3,002 m",37 m,34.0,6.8,59.2,38.2,1.4,19.6,740 sq km,Lilongwe,"13 58 S, 33 47 E",Republic,18.0,7.0,25.0,,15452.0,767.0,700.0,,,,
MALAYSIA,8247100.0,47201700.0,.my,32979999.0,3358800.0,34219975.0,1.01,14.39,5.72,1.46,29.2,1.05,6.49,1.74,95.0,43.8,1.1,15.6,884.11,364.63,3.09,26300.0,4.61,15.6,77.74,3.0,-3.0,62.03,calendar year,256.66,230.19,4.143,5.6,100.0,34959000.0,2977000.0,593800.0,528300.0,208400.0,304600.0,74985350000.0,254.0,"2 30 N, 112 30 E","329,847 sq km","328,657 sq km","1,190 sq km","2,742 km","4,675 km","4,095 m",0 m,62.0,14.8,23.2,2.9,19.4,0.9,"4,420 sq km",Kuala Lumpur; note - nearby Putrajaya is referred to as a federal government administrative center but not the capital; Parliament,"3 10 N, 101 42 E",Monarchy,18.0,39.0,75.0,4.0,144403.0,1851.0,7200.0,6439.0,1937.0,,
MALDIVES,14005.0,706043.0,.mv,447200.0,63685.0,389568.0,0.17,15.33,4.2,12.8,29.5,1.06,25.02,1.7,97.9,44.4,6.0,17.7,9.79,4.5,41.75,18800.0,6.08,17.7,993.0,10.1,-10.1,63.9,calendar year,3.95,3.5,15.373,8.2,100.0,545000.0,,0.0,,,10840.0,,2.0,"3 15 N, 73 00 E",298 sq km,298 sq km,0 sq km,0 km,644 km,5 m,0 m,3.0,73.7,23.3,10.0,10.0,3.3,0 sq km,Male,"4 10 N, 73 30 E",Republic,18.0,7.0,2.0,,93.0,,,,,,
MALI,301055.0,21882251.0,.ml,7480000.0,243806.0,21359722.0,2.93,40.54,8.3,2.99,16.0,0.95,58.99,5.45,35.5,15.6,1.0,17.3,46.45,17.51,3.05,2100.0,7.72,17.3,2.66,2.9,-2.9,35.4,calendar year,5.2,6.34,554.531,42.1,53.0,890000.0,,0.0,,,20610.0,,5.0,"17 00 N, 4 00 W","1,240,192 sq km","1,220,190 sq km","20,002 sq km","7,908 km",0 km,"1,155 m",23 m,10.2,55.7,34.1,5.6,0.1,28.4,"3,780 sq km",Bamako,"12 39 N, 8 00 W",Republic,18.0,8.0,17.0,2.0,139107.0,593.0,1800.0,,,,
MALTA,259439.0,644955.0,.mt,461100.0,213419.0,467138.0,0.59,9.59,8.61,4.96,42.3,1.02,4.45,1.51,94.9,26.4,21.6,9.8,23.16,14.99,10.3,44700.0,3.5,9.8,5.66,3.9,3.9,50.7,calendar year,22.11,21.36,0.845,17.1,100.0,784000.0,,0.0,,10400.0,52290.0,0.0,9.0,"35 50 N, 14 35 E",316 sq km,316 sq km,0 sq km,0 km,196.8 km,253 m,0 m,0.9,66.8,32.3,28.4,3.9,0.0,35 sq km,Valletta,"35 53 N, 14 30 E",Republic,18.0,1.0,392.0,2.0,3096.0,,,,,,
MARSHALL ISLANDS,2361.0,16000.0,.mh,16254.0,1000.0,80966.0,1.3,21.61,4.3,4.31,23.8,1.03,21.13,2.72,98.3,48.7,8.3,26.0,250.69,222.0,1.11,6000.0,36.0,26.0,148.0,1.3,1.3,41.71,1 October - 30 September,1.37,10.7,,,99.0,,,,,,2060.0,,293700.0,"9 00 N, 168 00 E",181 sq km,181 sq km,0 sq km,0 km,370.4 km,14 m,0 m,49.3,0.0,50.7,7.8,31.2,11.7,0 sq km,Majuro; note - the capital is an atoll of 64 islands; governmental buildings are housed on three fused islands on the eastern side of the,"7 06 N, 171 23 E",Other,18.0,4.0,11.0,,2028.0,,,,,,
MAURITANIA,58094.0,6512361.0,.mr,2714000.0,18457.0,4244878.0,1.96,27.61,7.33,0.71,21.0,0.93,49.95,3.46,67.0,19.3,2.1,23.0,24.49,706.0,2.45,5300.0,11.46,23.0,1.62,0.8,-0.8,96.6,calendar year,3.18,4.31,36.063,31.0,47.0,656000.0,,0.0,,,17290.0,,4.0,"20 00 N, 12 00 W","1,030,700 sq km","1,030,700 sq km",0 sq km,"5,002 km",754 km,915 m,-5 m,0.2,61.3,38.5,0.4,0.0,38.1,450 sq km,Nouakchott,"18 04 N, 15 58 W",Republic,18.0,9.0,21.0,,12253.0,728.0,1086.0,,,,
MAURITIUS,,,,,,1309448.0,0.09,9.82,8.95,0.0,36.3,0.95,11.84,1.35,92.2,37.3,3.0,25.3,,,,,,25.3,,,,,,,,,,,,,,,,,,,"20 17 S, 57 33 E","2,040 sq km","2,030 sq km",10 sq km,0 km,177 km,828 m,0 m,17.3,38.9,43.8,38.4,2.0,3.4,158 sq km,Port Louis,"20 09 S, 57 29 E",Republic,18.0,,,,,,,,,,
MEXICO,24366595.0,123920752.0,.mx,98800000.0,21936131.0,129875529.0,0.61,13.95,7.07,0.77,29.3,0.96,12.0,1.73,95.2,19.9,6.2,8.1,2418.0,1269956000000.0,4.72,19100.0,4.38,8.1,264.26,1.1,-1.1,54.3,calendar year,522.24,544.75,20.272,41.9,100.0,93430000.0,9886000.0,1905500.0,844600.0,155800.0,867500.0,27037730000.0,463.0,"23 00 N, 102 00 W","1,964,375 sq km","1,943,945 sq km","20,430 sq km","4,389 km","9,330 km","5,636 m",-10 m,33.3,11.8,54.9,11.8,1.4,41.7,"60,620 sq km",Mexico City,"19 26 N, 99 08 W",Republic,18.0,243.0,1471.0,1.0,704884.0,23389.0,2900.0,17210.0,,,
"MICRONESIA, FEDERATED STATES OF",7000.0,22000.0,.fm,44000.0,6000.0,100319.0,0.7,18.12,4.2,20.92,26.3,0.96,21.37,2.22,,10.4,29.9,18.9,375.06,328.0,-3.19,3300.0,16.2,18.9,320.0,6.6,6.6,25.4,1 October - 30 September,179.0,126.0,1.0,41.2,83.0,,,,,,,,177000.0,"6 55 N, 158 15 E",702 sq km,702 sq km,0 sq km,0 km,"6,112 km",782 m,0 m,74.5,0.0,25.5,2.3,19.7,3.5,0 sq km,Palikir,"6 55 N, 158 09 E",Republic,18.0,6.0,,,,,,,,,
MOLDOVA,1000228.0,3900179.0,.md,1891000.0,719001.0,3250532.0,1.14,9.94,12.51,8.8,37.7,0.96,11.38,1.59,99.6,51.7,6.2,8.6,36.64,11.98,13.94,14000.0,3.96,8.6,3.58,0.6,-0.6,33.01,calendar year,4.2,7.92,17.68,7.3,100.0,594000.0,0.0,0.0,232.0,275.0,18160.0,57000.0,8.0,"47 00 N, 29 00 E","33,851 sq km","32,891 sq km",960 sq km,"1,885 km",0 km,430 m,2 m,11.9,13.2,74.9,55.1,9.1,10.7,"2,155 sq km",Chisinau in Romanian,"47 00 N, 28 51 E",Republic,18.0,5.0,2.0,,9352.0,1171.0,558.0,2026.0,,,
MONACO,42812.0,36255.0,.mc,31820.0,20877.0,31597.0,0.66,6.61,10.92,10.89,55.4,0.94,1.75,1.53,,25.7,27.9,26.6,7.67,6.01,21.55,115700.0,2.0,26.6,896.3,1.0,-1.0,,calendar year,964.6,1.37,0.885,,100.0,,,,,,,,,"43 44 N, 7 24 E",2 sq km,2 sq km,0 sq km,6 km,4.1 km,162 m,0 m,0.0,99.0,1.0,0.0,1.0,0.0,0 sq km,Monaco,"43 44 N, 7 25 E",Monarchy,18.0,,,1.0,,,,,,,
MONGOLIA,399237.0,4687304.0,.mn,2772000.0,307166.0,3255468.0,0.83,15.37,6.33,0.77,29.8,0.95,19.77,1.89,99.2,51.7,7.1,21.0,39.06,11.14,1.64,11700.0,7.08,21.0,3.7,6.4,-6.4,73.94,calendar year,8.95,9.26,2.0,28.4,100.0,1479000.0,43904000.0,16700.0,,,24190.0,,22.0,"46 00 N, 105 00 E","1,564,116 sq km","1,553,556 sq km","10,560 sq km","8,082 km",0 km,"4,374 m",560 m,7.0,20.0,73.0,0.4,0.0,72.6,602 sq km,Ulaanbaatar,"47 55 N, 106 55 E",Republic,18.0,15.0,29.0,1.0,113200.0,1815.0,580.0,,,,
MONTENEGRO,189519.0,1120074.0,.me,516600.0,184176.0,602445.0,0.43,11.04,10.3,4.99,39.6,0.97,3.2,1.81,99.0,31.6,31.1,31.6,12.76,5.49,12.43,20600.0,18.49,31.6,2.05,5.6,-5.6,67.2,calendar year,2.5,3.64,0.845,24.5,99.0,1006999.0,1456000.0,0.0,,357.0,6448.0,,2.0,"42 30 N, 19 18 E","13,812 sq km","13,452 sq km",360 sq km,680 km,293.5 km,"2,534 m",0 m,40.4,21.4,38.2,12.9,1.2,24.1,24 sq km,Podgorica; note - Cetinje retains the status of “Old Royal Capital”,"42 26 N, 19 16 E",Republic,18.0,5.0,621.0,1.0,7762.0,250.0,,,,,
MONTSERRAT,,,,,,5440.0,0.46,10.66,6.07,0.0,34.8,1.0,10.04,1.32,,,,,,,,,,,,,,,,,,,,,,,,,,,,,"16 45 N, 62 12 W",102 sq km,102 sq km,0 sq km,0 km,40 km,,0 m,25.0,45.0,30.0,20.0,0.0,10.0,0 sq km,,,,,,,,,,,,,,
MOROCCO,2460155.0,52012000.0,.ma,32560000.0,2102434.0,37067420.0,0.88,17.1,6.61,1.73,29.1,1.0,18.73,2.27,75.9,28.2,0.8,27.2,303.34,118.86,7.93,8100.0,11.47,27.2,30.7,3.6,-3.6,65.1,calendar year,47.08,60.05,8.988,4.8,100.0,14187000.0,0.0,0.0,66230.0,9504.0,229300.0,105678000.0,60.0,"28 30 N, 10 00 W","716,550 sq km","716,300 sq km",250 sq km,"3,523.5 km","2,945 km","4,165 m",-59 m,11.5,21.0,67.5,17.5,2.9,47.1,"17,645 sq km",Rabat,"34 01 N, 6 49 W",Monarchy,18.0,36.0,26.0,1.0,57300.0,2067.0,,944.0,270.0,,
MOZAMBIQUE,59682.0,13686234.0,.mz,5440000.0,70000.0,32513805.0,2.55,36.94,9.93,1.54,17.0,0.97,59.77,4.74,63.4,23.0,5.6,8.1,39.35,14.96,2.36,1200.0,3.98,8.1,4.57,5.6,-5.6,102.88,calendar year,6.4,10.39,65.465,46.1,31.0,2765000.0,7250000.0,0.0,,,25130.0,5423828000.0,7.0,"18 15 S, 35 00 E","799,380 sq km","786,380 sq km","13,000 sq km","4,783 km","2,470 km","2,436 m",0 m,43.7,0.0,56.3,6.4,0.3,49.6,"1,180 sq km",Maputo,"25 57 S, 32 35 E",Republic,18.0,21.0,77.0,,31083.0,4787.0,460.0,972.0,,,
NAMIBIA,,,,,,2727409.0,1.83,25.3,7.3,0.0,22.5,1.02,31.4,3.29,91.5,91.6,91.4,43.4,,,,,,,,,,,,,,,,,,,,,,,,,"22 00 S, 17 00 E","824,292 sq km","823,290 sq km","1,002 sq km","4,220 km","1,572 km","2,573 m",0 m,8.8,44.0,47.2,1.0,0.0,46.2,80 sq km,,,,,,,,,,,,,,
NAURU,10000.0,10000.0,.nr,10920.0,950.0,9852.0,0.42,20.71,6.39,10.15,27.0,0.96,7.72,2.58,,47.8,49.1,26.6,149.47,114.0,1.5,11900.0,23.0,26.6,195.0,9.2,-9.2,62.0,1 July - 30 June,187.0,94.2,1.331,,100.0,15000.0,,0.0,,,449.0,,66000.0,"0 32 S, 166 55 E",21 sq km,21 sq km,0 sq km,0 km,30 km,70 m,0 m,0.0,80.0,20.0,0.0,20.0,0.0,0 sq km,no official capital; government offices in the Yaren District,,Republic,20.0,1.0,6.0,,30.0,,,,,,
NEPAL,730000.0,38000000.0,.np,15600000.0,1270000.0,30899443.0,0.74,17.26,5.59,4.29,25.3,0.96,24.55,1.88,71.2,47.9,12.8,9.5,115.09,24.88,4.25,3800.0,5.05,9.5,7.3,0.1,-0.1,39.05,16 July - 15 July,2.52,16.99,118.134,25.2,89.0,1392000.0,28000.0,0.0,,,26120.0,,7.0,"28 00 N, 84 00 E","147,181 sq km","143,351 sq km","3,830 sq km","3,159 km",0 km,"8,849 m",70 m,25.4,45.8,28.8,15.1,1.2,12.5,"13,320 sq km",Kathmandu,"27 43 N, 85 19 E",Republic,18.0,11.0,36.0,,27990.0,59.0,,,,,
NETHERLANDS,5024000.0,21888000.0,.nl,16559999.0,7525016.0,17463930.0,0.36,10.98,9.27,1.89,42.8,0.98,3.34,1.77,,24.4,19.9,9.6,992.67,907.04,4.86,56600.0,4.01,9.6,396.69,1.1,1.1,56.5,calendar year,839.6,735.7,0.845,13.6,100.0,43409000.0,1879000.0,76100.0,1.0,2.0,,32857999999.0,214.0,"52 31 N, 5 46 E","41,543 sq km","33,893 sq km","7,650 sq km","1,053 km",451 km,,-7 m,10.8,34.1,55.1,29.8,1.1,24.2,"2,969 sq km",Amsterdam; note - The Hague is the seat of government,"52 21 N, 4 55 E",Monarchy,18.0,23.0,6.0,1.0,139124.0,3055.0,6237.0,14000.0,2500.0,3000.0,
NEW CALEDONIA,46000.0,260000.0,.nc,237800.0,55000.0,300682.0,1.17,13.96,5.92,3.62,32.9,0.99,4.92,1.84,96.9,97.3,96.5,41.0,10.27,9.77,2.0,35700.0,16.57,41.0,2.0,0.0,0.0,6.5,calendar year,1.92,2.26,100.88,17.0,100.0,1071000.0,0.0,0.0,,,19100.0,,5.0,"21 30 S, 165 30 E","18,575 sq km","18,275 sq km",300 sq km,0 km,"2,254 km","1,628 m",0 m,45.9,43.7,10.4,0.4,0.2,9.8,100 sq km,Noumea,"22 16 S, 166 27 E",Democracy,18.0,12.0,13.0,8.0,5622.0,,,,,,
NEW ZEALAND,,,,,,5223100.0,0.92,12.0,7.9,4.4,37.2,0.96,3.6,1.9,99.0,99.0,99.0,9.2,,,,,,,,,,,,,,,,,,,,,,,,,"41 00 S, 174 00 E","268,838 sq km","264,537 sq km","4,301 sq km",0 km,"15,134 km","3,764 m",0 m,31.4,25.4,43.2,1.8,0.3,41.1,"7,000 sq km",,,,,,,,,,,,,,
NICARAGUA,207577.0,6233864.0,.ni,3933000.0,290351.0,6359689.0,0.91,16.3,5.19,2.04,27.3,0.95,18.63,1.78,82.6,82.4,82.8,11.6,38.63,12.57,10.34,5600.0,5.96,11.6,3.45,2.0,-2.0,33.3,calendar year,6.62,8.31,35.171,24.9,86.0,1837000.0,,200.0,14720.0,460.0,20120.0,,4.0,"13 00 N, 85 00 W","130,370 sq km","119,990 sq km","10,380 sq km","1,253 km",910 km,"2,085 m",0 m,25.3,32.5,42.2,12.5,2.5,27.2,"1,990 sq km",Managua,"12 08 N, 86 15 W",Republic,16.0,12.0,135.0,,23897.0,,2220.0,,54.0,,
NIGER,58000.0,14000000.0,.ne,5500000.0,12000.0,25396840.0,3.66,46.86,9.66,0.62,14.8,0.98,65.53,6.73,37.3,13.7,1.1,1.0,29.96,12.93,1.39,1200.0,0.75,1.0,2.33,5.0,-5.0,45.3,calendar year,1.34,3.54,554.531,40.8,18.0,324000.0,224000.0,8000.0,15280.0,5422.0,3799.0,,2.0,"16 00 N, 8 00 E",1.267 million sq km,"1,266,700 sq km",300 sq km,"5,834 km",0 km,"2,022 m",200 m,1.0,63.9,35.1,12.3,0.1,22.7,"2,666 sq km",Niamey,"13 31 N, 2 07 E",Republic,18.0,10.0,20.0,1.0,18949.0,,300.0,,464.0,,
NIGERIA,106385.0,195128265.0,.ng,115500000.0,65313.0,230842743.0,2.53,34.0,8.52,0.21,18.6,1.02,55.17,4.57,62.0,6.9,0.5,19.6,1050.0,475.06,3.65,4900.0,9.79,19.6,37.3,1.8,-1.8,21.8,calendar year,50.86,66.11,358.811,40.1,59.0,11691000.0,44000.0,1646900.0,35010.0,2332.0,223400.0,46296835000.0,104.0,"10 00 N, 8 00 E","923,768 sq km","910,768 sq km","13,000 sq km","4,477 km",853 km,"2,419 m",0 m,9.5,12.5,78.0,37.3,7.4,33.3,"2,930 sq km",Abuja,"9 05 N, 7 32 E",Republic,18.0,40.0,14.0,5.0,195000.0,3798.0,8600.0,4045.0,4441.0,,
NIUE,1000.0,,.nu,1512.0,,2000.0,0.03,,,,,,,,,,,,18.7,10.01,6.2,11100.0,12.0,,15.07,12.6,-12.6,,1 April - 31 March,5.68,43.8,1.416,,,3000.0,,0.0,,,54.0,,8000.0,"19 02 S, 169 52 W",260 sq km,260 sq km,0 sq km,0 km,64 km,80 m,0 m,71.2,9.7,19.1,3.8,11.5,3.8,0 sq km,Alofi,"19 01 S, 169 55 W",Democracy,18.0,1.0,24.0,,234.0,,,,,,
NORFOLK ISLAND,,,.nf,806.0,,1748.0,0.01,,,,,,,,,,,,,,,,,,4.6,,,,1 July - 30 June,,,1.311,,,,,,,,,,,"29 02 S, 167 57 E",36 sq km,36 sq km,0 sq km,0 km,32 km,319 m,0 m,11.5,63.5,25.0,0.0,0.0,25.0,0 sq km,Kingston,"29 03 S, 167 58 E",Territory,18.0,1.0,27.0,,80.0,,,,,,
NORTH MACEDONIA,425646.0,1941352.0,.mk,1743000.0,475569.0,2133410.0,0.11,10.33,9.61,0.38,39.0,0.99,7.16,1.52,98.4,99.1,97.6,34.1,34.01,12.7,3.96,16500.0,16.2,34.1,3.5,2.7,-2.7,39.3,calendar year,9.16,11.35,52.102,21.6,100.0,1928000.0,5026000.0,0.0,,3065.0,23560.0,0.0,7.0,"41 50 N, 22 00 E","25,713 sq km","25,433 sq km",280 sq km,838 km,0 km,"2,764 m",50 m,39.8,15.9,44.3,16.4,1.4,26.5,844 sq km,Skopje,"42 00 N, 21 26 E",Republic,18.0,8.0,2.0,,14182.0,699.0,,262.0,120.0,,
NORTHERN MARIANA ISLANDS,20000.0,20474.0,.mp,12299.0,,51295.0,0.35,15.6,5.58,13.51,32.8,1.13,12.17,2.59,,,,,1.24,1.24,-11.14,24500.0,11.2,,389.6,3.7,3.7,7.1,1 October - 30 September,914.0,893.0,,,100.0,,,0.0,,,,,0.0,"15 12 N, 145 45 E",464 sq km,464 sq km,0 sq km,0 km,"1,482 km",965 m,0 m,65.5,27.9,6.6,2.2,2.2,2.2,1 sq km,Saipan,"15 12 N, 145 45 E",Republic,18.0,3.0,2.0,1.0,536.0,,,,,,
NORWAY,350000.0,5800000.0,.no,5346000.0,2387661.0,5597924.0,0.79,11.89,7.93,3.89,39.5,1.02,2.28,1.83,,17.0,15.4,13.0,368.15,405.69,3.3,67500.0,4.99,13.0,185.34,4.4,4.4,36.5,calendar year,199.07,140.44,8.59,12.7,100.0,38360000.0,69000.0,,371600.0,432800.0,135300.0,112052523000.0,36.0,"62 00 N, 10 00 E","323,802 sq km","304,282 sq km","19,520 sq km","2,566 km","25,148 km","2,469 m",0 m,27.8,69.5,2.7,2.2,0.0,0.5,337 sq km,Oslo,"59 55 N, 10 45 E",Monarchy,18.0,67.0,28.0,1.0,94902.0,3848.0,1577.0,8520.0,1304.0,,
OMAN,572166.0,6115537.0,.om,4320000.0,508949.0,3833465.0,1.8,21.62,3.21,0.46,26.2,1.16,14.16,2.67,95.7,15.5,0.4,14.6,155.03,76.88,3.09,34300.0,3.12,14.6,29.33,13.8,-13.8,46.9,calendar year,46.32,36.5,0.385,,100.0,8601000.0,0.0,978800.0,229600.0,33700.0,6041.0,36596746000.0,76.0,"21 00 N, 57 00 E","309,500 sq km","309,500 sq km",0 sq km,"1,561 km","2,092 km","3,004 m",0 m,0.0,95.3,4.7,0.1,0.1,4.5,"1,079 sq km",Muscat,"23 37 N, 58 35 E",Monarchy,21.0,13.0,119.0,3.0,60230.0,,,4224.0,3558.0,,
PAKISTAN,2989133.0,188711452.0,.pk,48300000.0,2523027.0,247653551.0,1.91,26.01,5.94,1.01,22.0,1.04,52.73,3.39,58.0,33.0,7.3,9.4,1211.0,253.18,6.49,5200.0,4.35,9.4,38.97,5.8,-5.8,67.0,1 July - 30 June,35.57,76.39,162.906,24.3,94.0,39925000.0,4855000.0,100700.0,291200.0,25510.0,264500.0,38056250000.0,193.0,"30 00 N, 70 00 E","796,095 sq km","770,875 sq km","25,220 sq km","7,257 km","1,046 km","8,611 m",0 m,2.1,62.7,35.2,27.6,1.1,6.5,"193,400 sq km",Islamabad,"33 41 N, 73 03 E",Republic,18.0,108.0,43.0,23.0,264175.0,11881.0,,13452.0,3663.0,,
PALAU,8000.0,24000.0,.pw,6696.0,1224.0,21779.0,0.39,11.57,8.31,0.64,33.9,1.06,11.04,1.7,96.6,27.3,7.9,5.6,248.47,292.0,-13.33,13800.0,1.7,5.6,122.0,8.8,8.8,86.13,1 October - 30 September,12.07,180.38,1.0,24.9,100.0,,,,,,,,,"7 30 N, 134 30 E",459 sq km,459 sq km,0 sq km,0 km,"1,519 km",242 m,0 m,87.6,1.6,10.8,2.2,4.3,4.3,0 sq km,Ngerulmud,"7 30 N, 134 37 E",Republic,18.0,1.0,2.0,,125.0,,,,,,
PANAMA,790486.0,6003255.0,.pa,2992000.0,562413.0,4404108.0,1.51,17.71,5.88,3.22,30.1,1.01,15.28,2.37,95.7,7.7,2.2,30.0,126.35,66.8,15.34,29000.0,12.09,30.0,9.74,1.6,-1.6,37.8,calendar year,27.24,24.63,1.0,22.1,95.0,4106000.0,0.0,0.0,,66.0,129200.0,0.0,25.0,"9 00 N, 80 00 W","75,420 sq km","74,340 sq km","1,080 sq km",687 km,"2,490 km","3,475 m",0 m,43.6,25.9,30.5,7.3,2.5,20.7,407 sq km,Panama City,"8 58 N, 79 32 W",Republic,18.0,57.0,60.0,3.0,,77.0,800.0,,128.0,,
PAPUA NEW GUINEA,170000.0,4800000.0,.pg,3168000.0,21000.0,9819350.0,2.31,28.54,5.48,0.0,24.0,1.03,32.81,3.85,64.2,53.5,25.1,5.3,36.59,19.82,0.3,3700.0,2.75,5.3,4.04,4.8,-4.8,48.68,calendar year,11.0,4.25,3.509,37.0,20.0,1139000.0,,37200.0,22170.0,0.0,17110.0,11784065000.0,6.0,"6 00 S, 147 00 E","462,840 sq km","452,860 sq km","9,980 sq km",824 km,"5,152 km","4,509 m",0 m,63.1,34.3,2.6,0.7,1.5,0.4,0 sq km,Port Moresby,"9 27 S, 147 11 E",Democracy,18.0,21.0,540.0,2.0,9349.0,,11000.0,,264.0,,
PARAGUAY,203971.0,7975074.0,.py,5159000.0,562369.0,7439863.0,1.12,16.15,4.9,0.07,29.7,1.0,22.6,1.88,94.5,18.6,4.4,16.3,91.76,38.94,4.1,13700.0,7.21,16.3,7.27,1.1,-1.1,19.5,calendar year,14.15,13.45,6.0,23.5,100.0,8831000.0,,2000.0,,,40760.0,,7.0,"23 00 S, 58 00 W","406,752 sq km","397,302 sq km","9,450 sq km","4,655 km",0 km,842 m,46 m,43.8,2.4,53.8,10.8,0.2,42.8,"1,362 sq km",Asuncion,"25 16 S, 57 40 W",Republic,18.0,15.0,784.0,,78811.0,30.0,3100.0,,,,
PERU,2266025.0,43129394.0,.pe,24140000.0,3044000.0,32440172.0,0.5,16.96,11.04,0.89,29.1,0.96,10.8,2.18,94.5,13.2,3.0,11.2,421.94,230.71,13.35,12500.0,4.83,11.2,45.98,3.1,-3.1,34.67,calendar year,66.1,58.61,3.881,20.2,95.0,15340000.0,696000.0,122500.0,166600.0,62640.0,65400.0,12079211000.0,54.0,"10 00 S, 76 00 W","1,285,216 sq km","1,279,996 sq km","5,220 sq km","7,062 km","2,414 km","6,746 m",0 m,53.0,28.2,18.8,3.1,1.1,14.6,"25,800 sq km",Lima,"12 03 S, 77 03 W",Republic,18.0,59.0,132.0,5.0,18699.0,,8808.0,1526.0,1106.0,,
PHILIPPINES,5028018.0,163345244.0,.ph,58300000.0,7936574.0,109035343.0,1.58,23.69,6.12,-1.88,25.7,1.01,21.45,2.95,96.3,96.2,96.5,7.3,921.83,377.2,5.7,8100.0,2.41,7.3,71.17,2.2,-2.2,39.9,calendar year,87.79,126.51,49.255,16.7,97.0,27885000.0,13752000.0,10300.0,215500.0,26710.0,211400.0,3632507000.0,142.0,"13 00 N, 122 00 E","300,000 sq km","298,170 sq km","1,830 sq km",0 km,"36,289 km","2,954 m",0 m,25.9,33.1,41.0,18.2,17.8,5.0,"16,270 sq km",,,,,7.0,2.0,5.0,,,,,,,
PITCAIRN ISLANDS,,,.pn,,,50.0,0.0,,,,,,,,,,,,,,,,,,746000.0,,,,1 April - 31 March,,,1.416,,,,,,,,,,,"25 04 S, 130 06 W",47 sq km,47 sq km,0 sq km,0 km,51 km,347 m,0 m,74.5,25.5,0.0,,,,0 sq km,Adamstown,"25 04 S, 130 05 W",Democracy,18.0,,,,,,,,,,
POLAND,5308497.0,50588785.0,.pl,32299999.0,8369218.0,37991766.0,0.28,8.31,10.75,0.34,41.9,0.94,4.1,1.41,99.8,27.9,20.1,13.4,1318.0,595.72,6.85,34900.0,3.37,13.4,244.49,1.7,-1.7,50.6,calendar year,411.62,380.7,3.862,15.4,100.0,47269000.0,108152000.0,28400.0,554200.0,104800.0,222300.0,5667000000.0,304.0,"52 00 N, 20 00 E","312,685 sq km","304,255 sq km","8,430 sq km","2,865 km",440 km,"2,499 m",-2 m,30.6,21.2,48.2,36.2,1.3,10.7,760 sq km,Warsaw,"52 15 N, 21 00 E",Republic,18.0,87.0,39.0,6.0,420000.0,19461.0,3997.0,14198.0,1374.0,,
PORTUGAL,5318750.0,12476165.0,.pt,8199999.0,4160795.0,10223150.0,0.17,7.99,10.9,1.2,44.6,0.9,2.47,1.44,95.9,30.5,20.2,23.1,347.69,237.7,5.48,33700.0,6.65,23.1,102.05,3.0,-3.0,125.7,calendar year,105.65,112.41,0.845,17.2,100.0,22364000.0,0.0,8000.0,323000.0,143500.0,78700.0,0.0,50.0,"39 30 N, 8 00 W","92,090 sq km","91,470 sq km",620 sq km,"1,224 km","1,793 km","2,351 m",0 m,37.8,22.5,39.7,11.9,7.8,20.0,"5,662 sq km",Lisbon,"38 43 N, 9 08 W",Republic,18.0,43.0,21.0,,82900.0,2526.0,210.0,1344.0,11.0,,
PUERTO RICO,726739.0,3661176.0,.pr,2564100.0,671284.0,3057311.0,1.29,7.84,10.0,10.76,43.6,0.89,5.92,1.25,92.4,92.4,92.4,18.5,106.5,104.2,0.21,32600.0,8.27,18.5,9.27,0.7,-0.7,51.6,1 July - 30 June,73.17,49.01,,,100.0,6180000.0,0.0,0.0,,18420.0,127100.0,0.0,18.0,"18 15 N, 66 30 W","9,104 sq km","8,959 sq km",145 sq km,0 km,501 km,"1,338 m",0 m,63.2,14.8,22.0,6.6,5.6,9.8,220 sq km,San Juan,"18 28 N, 66 07 W",Republic,18.0,17.0,12.0,,26862.0,,,,,,
QATAR,460240.0,3876499.0,.qa,2700000.0,296126.0,2532104.0,0.86,9.27,1.42,0.78,33.7,3.34,6.46,1.9,93.5,21.7,1.9,1.1,249.64,191.29,1.59,92900.0,0.26,1.1,65.92,5.8,-5.8,53.8,1 April - 31 March,105.55,61.2,3.64,,100.0,10633000.0,,1815100.0,273800.0,485000.0,12300.0,167460996000.0,111.0,"25 30 N, 51 15 E","11,586 sq km","11,586 sq km",0 sq km,87 km,563 km,103 m,0 m,0.0,94.4,5.6,1.1,0.2,4.3,130 sq km,Doha,"25 17 N, 51 32 E",Monarchy,18.0,4.0,2.0,1.0,7039.0,,,288.0,,,
ROMANIA,2606000.0,22929000.0,.ro,15960000.0,5684782.0,18326327.0,1.01,8.63,14.92,3.86,42.5,0.93,5.65,1.63,98.9,35.9,20.0,20.6,588.45,249.54,5.1,30800.0,5.17,20.6,72.19,2.8,-2.8,57.11,calendar year,115.88,132.06,4.16,23.8,100.0,20528000.0,15002000.0,74000.0,232600.0,103000.0,49420.0,10367941000.0,68.0,"46 00 N, 25 00 E","238,391 sq km","229,891 sq km","8,500 sq km","2,844 km",225 km,"2,544 m",0 m,28.7,10.6,60.7,39.1,1.9,19.7,"4,730 sq km",Bucharest,"44 26 N, 26 06 E",Republic,18.0,26.0,19.0,2.0,84185.0,10628.0,1731.0,3726.0,2451.0,,
RUSSIA,24000000.0,250000000.0,.ru;,132000000.0,33893305.0,141698923.0,0.24,9.22,13.27,1.7,40.3,0.86,6.33,1.6,99.7,40.8,12.8,16.9,4078.0,1702361000000.0,4.75,28000.0,5.01,16.9,604.13,1.4,-1.4,23.05,calendar year,550.03,379.95,73.654,12.6,100.0,255000000.0,411200000.0,10850000.0,6171000.0,3070000.0,45000.0,598600000000.0,1985000000.0,"60 00 N, 100 00 E","17,098,242 sq km","16,377,742 sq km","720,500 sq km","22,407 km","37,653 km","5,642 m",-28 m,49.4,37.5,13.1,7.3,0.1,5.7,"43,000 sq km",Moscow,"55 45 N, 37 36 E",Other,18.0,594.0,624.0,49.0,1283387.0,85494.0,102000.0,179000.0,80000.0,13658.0,
RWANDA,11893.0,10902989.0,.rw,3900000.0,17685.0,13400541.0,1.68,25.7,5.77,3.16,19.7,0.96,25.64,3.23,75.9,20.1,7.2,2.9,30.14,9.14,10.88,2200.0,1.61,2.9,2.39,4.3,-4.3,40.5,calendar year,2.11,3.86,988.625,38.2,48.0,265000.0,,0.0,,,6628.0,,1.0,"2 00 S, 30 00 E","26,338 sq km","24,668 sq km","1,670 sq km",930 km,0 km,"4,519 m",950 m,18.0,7.5,74.5,47.0,10.1,17.4,96 sq km,Kigali,"1 57 S, 30 03 E",Republic,18.0,4.0,3.0,,4700.0,,90.0,,,,
SAINT BARTHELEMY,,,.bl;,7077.0,,7093.0,0.11,9.3,9.2,1.3,47.0,1.12,6.6,1.64,,,,,,,,,,,,,,,,,,0.885,,100.0,,,,,,,,,"17 90 N, 62 85 W",25 sq km,25 sq km,negligible,0 km,,286 m,0 m,,,,,,,,Gustavia,"17 53 N, 62 51 W",Democracy,18.0,1.0,,,40.0,,,,,,
"SAINT HELENA, ASCENSION, AND TRISTAN DA CUNHA",4000.0,4000.0,.sh;,2287.0,1000.0,7935.0,0.11,9.3,8.2,0.0,44.7,1.01,18.6,1.61,,,,,31.1,,,7800.0,14.0,,8.43,,47.0,,1 April - 31 March,19.0,20.53,0.7836,,100.0,8000.0,,0.0,,,65.0,,13000.0,"Saint Helena: 15 57 S, 5 42 W;",394 sq km,122 sq km,0 sq km,0 km,60 km,,0 m,5.1,64.1,30.8,10.3,0.0,20.5,0 sq km,Jamestown,"15 56 S, 5 43 W",Democracy,18.0,2.0,30.0,,198.0,,,,,,
SAINT KITTS AND NEVIS,16000.0,57000.0,.kn,37920.0,30000.0,54817.0,0.59,12.1,7.3,1.2,38.1,1.0,8.2,1.76,,,,,1.26,964.0,-0.88,26500.0,4.5,,286.0,1.7,1.7,62.9,calendar year,408.47,441.19,2.7,,100.0,71000.0,,0.0,,,1743.0,,268000.0,"17 20 N, 62 45 W",261 sq km,261 sq km,0 sq km,0 km,135 km,"1,156 m",0 m,42.3,34.6,23.1,19.2,0.4,3.5,8 sq km,Basseterre,"17 18 N, 62 43 W",Democracy,18.0,2.0,220.0,,383.0,50.0,,,,,
SAINT LUCIA,14000.0,170000.0,.lc,140400.0,33000.0,167591.0,0.27,11.7,8.2,0.8,39.0,0.94,11.8,1.72,,41.0,36.2,38.7,2.34,1.69,12.23,13000.0,16.91,38.7,350.0,0.3,0.3,70.7,1 April - 31 March,890.72,846.48,2.7,25.0,100.0,92000.0,,0.0,,,3113.0,,659000.0,"13 53 N, 60 58 W",616 sq km,606 sq km,10 sq km,0 km,158 km,948 m,0 m,77.0,5.6,17.4,4.9,11.5,1.0,30 sq km,Castries,"14 00 N, 61 00 W",Democracy,18.0,2.0,363.0,,1210.0,,,,,,
SAINT MARTIN,68840.0,68840.0,.mf;,19284.0,,32897.0,0.31,14.0,4.7,6.2,34.0,0.92,6.6,1.8,,,,,561.5,561.5,,19300.0,,,,,,,,,,0.885,,100.0,,,,,,,,,"18 05 N, 63 57 W",50 sq km,50 sq km,negligible,16 km,58.9 km,424 m,0 m,,,,,,,,Marigot,"18 04 N, 63 05 W",Democracy,18.0,1.0,,,,,,,,,
SAINT PIERRE AND MIQUELON,4800.0,,.pm,5099.0,,5195.0,1.19,6.5,11.4,7.1,50.6,0.94,8.0,1.59,,,,,261.3,261.3,,46200.0,8.7,,70.0,3.8,3.8,,calendar year,6.64,95.35,0.885,,,26000.0,,0.0,,,650.0,,84000.0,"46 50 N, 56 20 W",242 sq km,242 sq km,0 sq km,0 km,120 km,240 m,0 m,12.5,78.8,8.7,8.7,0.0,0.0,0 sq km,Saint-Pierre,"46 46 N, 56 11 W",Democracy,18.0,2.0,37.0,,117.0,,,,,,
SAINT VINCENT AND THE GRENADINES,11385.0,114892.0,.vc,85000.0,24733.0,100804.0,0.16,12.1,7.6,6.1,37.0,1.04,12.6,1.74,,39.7,43.9,41.1,1.43,785.0,1.35,13700.0,21.62,41.1,243.0,0.6,-0.6,73.8,calendar year,125.78,415.73,2.7,,100.0,49000.0,,0.0,,,1621.0,,202000.0,"13 15 N, 61 12 W",389 sq km,389 sq km,0 sq km,0 km,84 km,"1,234 m",0 m,68.7,5.7,25.6,12.8,7.7,5.1,10 sq km,Kingstown,"13 08 N, 61 13 W",Democracy,18.0,5.0,1.0,,,,,,,,
SAMOA,6000.0,69000.0,.ws,171600.0,1692.0,207501.0,0.65,19.0,5.4,7.2,26.9,1.03,17.8,2.37,99.1,36.1,14.5,19.7,1.21,841.0,-7.08,5500.0,9.84,19.7,313.0,4.7,-4.7,49.1,June 1 - May 31,97.77,430.01,2.556,20.3,98.0,50000.0,,0.0,,,2363.0,,355000.0,"13 35 S, 172 20 W","2,831 sq km","2,821 sq km",10 sq km,0 km,403 km,"1,857 m",0 m,60.4,27.2,12.4,2.8,7.8,1.8,0 sq km,Apia,"13 49 S, 171 46 W",Republic,21.0,1.0,3.0,,1150.0,,,,,,
SAN MARINO,16000.0,40000.0,.sm,25500.0,11000.0,34892.0,0.59,8.9,8.8,5.9,45.9,0.93,6.4,1.53,99.9,99.9,99.9,27.4,1.92,1.64,-6.65,56400.0,8.1,27.4,371.0,2.9,-2.9,98.35,calendar year,3.83,2.55,0.845,,100.0,,,,,,,,,"43 46 N, 12 25 E",61 sq km,61 sq km,0 sq km,37 km,0 km,739 m,55 m,0.0,83.3,16.7,16.7,0.0,0.0,0 sq km,San Marino,"43 56 N, 12 25 E",Republic,18.0,292.0,,,292.0,,,,,,
SAO TOME AND PRINCIPE,2619.0,189239.0,.st,112200.0,2512.0,220372.0,1.45,27.4,6.1,6.8,20.4,1.0,43.5,3.44,94.8,10.1,1.3,22.9,904.06,0.0,1.88,4100.0,15.91,22.9,95.0,2.4,-2.4,88.4,calendar year,75.26,201.15,21.507,66.7,78.0,28000.0,,0.0,,,1027.0,,173000.0,"1 00 N, 7 00 E",964 sq km,964 sq km,0 sq km,0 km,209 km,"2,024 m",0 m,28.1,21.2,50.7,9.1,40.6,1.0,100 sq km,Sao Tome,"0 20 N, 6 44 E",Republic,18.0,2.0,1070.0,,1300.0,,,,,,
SAUDI ARABIA,6594631.0,45427321.0,.sa,36000000.0,7890261.0,35939806.0,1.65,13.9,3.5,6.1,32.0,1.31,12.0,1.89,97.6,26.5,2.0,28.8,1594.0,792.85,3.24,44300.0,7.36,28.8,247.09,8.9,-8.9,17.2,calendar year,286.5,213.02,3.75,,100.0,76785000.0,0.0,10815700.0,2944000.0,1784000.0,609600.0,113776648000.0,579000000.0,"25 00 N, 45 00 E","2,149,690 sq km","2,149,690 sq km",0 sq km,"4,272 km","2,640 km","3,000 m",0 m,0.5,18.8,80.7,1.5,0.1,79.1,"11,910 sq km",Riyadh,"24 39 N, 46 42 E",Monarchy,18.0,82.0,132.0,10.0,221372.0,5410.0,,2940.0,5117.0,,
SENEGAL,0.0,13795000.0,.gn,4900000.0,1000.0,18384660.0,2.52,30.8,5.0,0.7,19.0,0.97,31.8,4.17,56.3,7.0,9.2,8.2,35.73,13.55,3.9,2600.0,6.34,8.2,1.95,0.5,-0.5,37.9,calendar year,10.27,5.35,9.0,43.7,46.0,992000.0,,0.0,,,18460.0,,2.0,"14 00 N, 14 00 W","196,722 sq km","192,530 sq km","4,192 sq km","2,684 km",531 km,648 m,0 m,43.8,9.4,46.8,17.4,0.3,29.1,"1,200 sq km",Dakar,"14 44 N, 17 38 W",Republic,18.0,4.0,12.0,,44301.0,1086.0,1300.0,,,,
SERBIA,2540276.0,8501519.0,.rs,5589000.0,1730496.0,6693375.0,0.63,8.9,15.1,0.0,43.7,0.95,4.6,1.46,99.5,40.5,39.1,30.4,135.53,51.45,7.55,19800.0,11.81,30.4,21.86,0.2,0.2,62.5,,33.73,39.04,99.396,23.2,100.0,8986000.0,39673000.0,15200.0,74350.0,15750.0,18720.0,455787000.0,47.0,"44 00 N, 21 00 E","77,474 sq km","77,474 sq km",0 sq km,"2,322 km",0 km,"2,169 m",35 m,31.6,10.5,57.9,37.7,3.4,16.8,520 sq km,Belgrade,"44 50 N, 20 30 E",Republic,18.0,10.0,16.0,2.0,44248.0,3333.0,587.0,1936.0,413.0,,
SEYCHELLES,18768.0,184161.0,.sc,90200.0,34966.0,97617.0,0.6,12.1,6.9,0.8,38.2,1.08,10.4,1.81,95.9,17.5,15.6,16.5,2.85,1.75,7.86,28800.0,3.0,16.5,601.0,0.5,-0.5,63.6,calendar year,1.75,1.82,16.921,25.3,100.0,157000.0,,0.0,,,7225.0,,1.0,"4 35 S, 55 40 E",455 sq km,455 sq km,0 sq km,0 km,491 km,905 m,0 m,88.5,5.0,6.5,2.2,4.3,0.0,3 sq km,Victoria,"4 37 S, 55 27 E",Republic,18.0,7.0,7.0,1.0,526.0,,,,,,
SIERRA LEONE,269.0,8227093.0,.sl,1047499.0,,8908040.0,2.41,31.5,9.1,1.7,19.2,0.98,72.3,3.71,47.7,20.5,6.4,10.8,13.6,4.13,4.1,1600.0,5.33,10.8,740.0,7.9,-7.9,63.9,calendar year,700.97,1.42,10.0,56.8,27.0,180000.0,,0.0,,,6439.0,,899000.0,"8 30 N, 11 30 W","71,740 sq km","71,620 sq km",120 sq km,"1,093 km",402 km,"1,948 m",0 m,37.5,6.3,56.2,23.4,2.3,30.5,300 sq km,Freetown,"8 29 N, 13 14 W",Republic,18.0,1.0,7.0,2.0,11701.0,,800.0,,,,
SINGAPORE,1887500.0,8660700.0,.sg,5369000.0,1509700.0,5975383.0,0.9,8.9,4.2,4.2,38.9,1.0,1.5,1.17,97.5,28.0,5.0,9.1,578.25,372.09,7.61,106000.0,3.62,9.1,59.97,0.3,-0.3,153.41,1 April - 31 March,733.78,609.28,1.343,,100.0,12240000.0,0.0,0.0,755000.0,1.0,,0.0,238.0,"1 22 N, 103 48 E",719 sq km,709.2 sq km,10 sq km,0 km,193 km,166 m,0 m,3.3,95.7,1.0,0.9,0.1,0.0,0 sq km,Singapore,"1 17 N, 103 51 E",Republic,21.0,9.0,,,3500.0,,,,,,
SINT MAARTEN,68840.0,68840.0,.sx;,39089.0,,45677.0,1.19,12.4,6.2,5.8,41.1,0.98,7.8,1.98,,,,,1.44,304.1,-6.6,35300.0,12.0,,,,,,,787.98,992.66,1.79,,100.0,,,,,,10440.0,,,"18 4 N, 63 4 W",34 sq km,34 sq km,0 sq km,16 km,58.9 km,383 m,0 m,,,,,,,,Philipsburg,"18 1 N, 63 2 W",Democracy,18.0,1.0,,,53.0,,,,,,
SLOVAKIA,577390.0,7362325.0,.sk,4806000.0,1701561.0,5425319.0,0.13,10.3,11.5,0.0,42.5,0.93,5.3,1.6,,37.4,25.6,21.5,173.58,105.39,3.01,31900.0,6.74,21.5,43.49,1.0,-1.0,77.36,calendar year,107.43,107.36,0.845,11.9,100.0,7868000.0,2148000.0,3800.0,131300.0,81100.0,38340.0,62495000.0,32.0,"48 40 N, 19 30 E","49,035 sq km","48,105 sq km",930 sq km,"1,587 km",0 km,"2,655 m",94 m,40.2,19.7,40.1,28.9,0.4,10.8,211 sq km,Bratislava,"48 09 N, 17 07 E",Republic,18.0,19.0,15.0,1.0,56926.0,3627.0,172.0,35571.0,510.0,,
SLOVENIA,695444.0,2607268.0,.si,1869000.0,651604.0,2099790.0,0.08,8.1,10.5,1.5,45.9,1.0,1.5,1.6,99.7,24.4,19.6,13.9,84.4,54.16,8.21,40000.0,4.42,13.9,23.73,0.0,0.0,73.6,calendar year,51.63,47.66,0.845,12.0,100.0,4062000.0,3175000.0,0.0,,29350.0,93060.0,4899000.0,13.0,"46 07 N, 14 49 E","20,273 sq km","20,151 sq km",122 sq km,"1,211 km",46.6 km,"2,864 m",0 m,62.3,14.9,22.8,8.4,1.3,13.1,39 sq km,Ljubljana,"46 03 N, 14 31 E",Republic,18.0,9.0,7.0,,38985.0,1207.0,710.0,1155.0,,,
SOLOMON ISLANDS,7000.0,470000.0,.sb,255600.0,1000.0,714766.0,1.69,22.3,4.0,1.5,24.8,1.04,19.5,2.82,,53.8,19.2,1.9,1.7,1.3,-0.2,2400.0,1.03,1.9,514.0,2.9,-2.9,11.46,calendar year,413.66,619.46,8.03,12.7,76.0,40000.0,,0.0,,,1577.0,,333000.0,"8 00 S, 159 00 E","28,896 sq km","27,986 sq km",910 sq km,0 km,"5,313 km","2,335 m",0 m,78.9,17.2,3.9,0.7,2.9,0.3,0 sq km,Honiara,"9 26 S, 159 57 E",Democracy,21.0,1.0,35.0,3.0,1390.0,,,,,,
SOMALIA,91000.0,8844000.0,.so,2465000.0,119000.0,12693796.0,2.49,37.7,11.4,1.4,19.0,1.01,85.1,5.22,,32.5,38.5,34.7,19.4,7.05,4.05,1100.0,19.86,34.7,145.3,0.1,-0.1,76.7,,819.0,94.43,23.0,,49.0,91000.0,,0.0,,,5590.0,,882000.0,"10 00 N, 49 00 E","637,657 sq km","627,337 sq km","10,320 sq km","2,385 km","3,025 km","2,460 m",0 m,10.6,19.1,70.3,1.8,0.0,68.5,"2,000 sq km",Mogadishu,"2 04 N, 45 20 E",Republic,18.0,8.0,44.0,,15000.0,,,,,,
SOUTH AFRICA,1472191.0,100328005.0,.za,42480000.0,1303057.0,58048332.0,1.08,18.3,7.2,0.3,30.1,0.96,24.4,2.31,95.0,34.0,6.5,64.2,790.62,350.03,4.91,13300.0,33.56,64.2,84.19,4.4,-4.4,53.0,1 April - 31 March,130.88,104.81,14.779,55.5,89.0,62728000.0,248388000.0,97900.0,487100.0,105600.0,195200.0,1229544000.0,470.0,"29 00 S, 24 00 E","1,219,090 sq km","1,214,470 sq km","4,620 sq km","5,244 km","2,798 km","3,450 m",0 m,7.6,13.0,79.4,9.9,0.3,69.2,"16,700 sq km",Pretoria,"25 42 S, 28 13 E",Republic,18.0,130.0,277.0,,750000.0,20986.0,,1293.0,992.0,,
SOUTH SUDAN,3.0,3300000.0,.ss,869000.0,200.0,12118379.0,4.78,37.1,9.2,20.0,18.7,1.05,61.6,5.2,34.5,40.3,28.9,21.0,20.01,3.06,-5.2,1600.0,13.91,21.0,1.94,1.3,-1.3,62.7,,4.65,4.04,306.355,76.4,7.0,121000.0,,157100.0,,,7160.0,,1.0,"8 00 N, 30 00 E","644,329 sq km",,,"6,018 km",0 km,"3,187 m",381 m,11.3,43.5,45.0,4.4,,40.7,"1,000 sq km",Juba,"04 51 N, 31 37 E",Republic,18.0,4.0,84.0,3.0,90200.0,248.0,,,,,
SPAIN,3000.0,5000.0,.ms,2473.0,2700.0,47222613.0,0.12,7.1,10.1,4.2,46.3,0.95,2.4,1.29,98.6,99.0,98.2,33.9,167.4,167.4,7.4,34000.0,5.6,,66.67,,,,1 April - 31 March,11.9,15.3,2.7,,100.0,5000.0,,0.0,,,406.0,,33000.0,"40 00 N, 4 00 W","505,370 sq km","498,980 sq km","6,390 sq km","1,952.7 km","4,964 km","3,718 m",0 m,36.8,25.1,54.1,24.9,9.1,20.1,"38,000 sq km",,,,,102.0,33.0,13.0,683175.0,15489.0,1000.0,10481.0,358.0,4378.0,
SRI LANKA,2869186.0,30764134.0,.lk,14740000.0,1781530.0,23326272.0,0.56,14.6,7.4,1.5,33.9,0.94,6.8,2.14,92.3,41.4,2.6,26.1,296.6,84.02,3.33,13400.0,5.39,26.1,10.62,5.5,-5.5,79.1,calendar year,13.08,18.27,198.764,4.1,100.0,4527000.0,0.0,0.0,34210.0,3871.0,66280.0,,23.0,"7 00 N, 81 00 E","65,610 sq km","64,630 sq km",980 sq km,0 km,"1,340 km","2,524 m",0 m,29.4,27.1,43.5,20.7,15.8,7.0,"5,700 sq km",Colombo,"6 55 N, 79 50 E",Republic,18.0,11.0,7.0,1.0,114093.0,1562.0,160.0,,,,
SUDAN,129408.0,16688773.0,.sd,13248000.0,28782.0,49197555.0,2.55,33.3,6.2,1.6,19.1,1.01,41.4,4.54,60.7,65.4,56.1,35.6,168.98,24.92,-1.87,3700.0,19.81,35.6,3.48,10.6,-10.6,121.6,calendar year,5.92,9.79,53.996,46.5,61.0,4354000.0,,66900.0,94830.0,8541.0,24340.0,,17.0,"15 00 N, 30 00 E","1,861,484 sq km","1,731,671 sq km","129,813 sq km","6,819 km",853 km,"3,042 m",0 m,0.0,0.0,100.0,15.7,0.2,84.2,"15,666 sq km",Khartoum,"15 36 N, 32 32 E",Republic,17.0,17.0,50.0,7.0,31000.0,7251.0,4068.0,156.0,4070.0,,
SURINAME,119977.0,906170.0,.sr,402600.0,92270.0,639759.0,1.11,15.2,6.6,2.5,31.6,0.98,29.9,1.91,95.0,96.5,93.4,30.5,9.05,3.42,-2.73,14800.0,10.06,30.5,863.0,7.8,-7.8,69.3,calendar year,2.3,1.88,18.239,70.0,98.0,542000.0,,14800.0,7571.0,14000.0,10700.0,,2.0,"4 00 N, 56 00 W","163,820 sq km","156,000 sq km","7,820 sq km","1,907 km",386 km,"1,230 m",-2 m,94.6,4.9,0.5,0.4,0.0,0.1,600 sq km,Paramaribo,"5 50 N, 55 10 W",Republic,18.0,6.0,49.0,,4304.0,,1200.0,,50.0,,
SVALBARD,,,.sj,,,2926.0,0.03,,,5.57,,,,,,,,,,,,,,,,,,,,,,8.308,,,,,,,4488.0,18600.0,,,"78 00 N, 20 00 E","62,045 sq km","62,045 sq km",0 sq km,0 km,"3,587 km","1,717 m",0 m,,100.0,0.0,,,,,Longyearbyen,"78 13 N, 15 38 E",Territory,,1.0,3.0,1.0,40.0,,,,,,
SWEDEN,1382146.0,12843683.0,.se,8800000.0,4179574.0,10536338.0,0.51,10.8,9.5,3.8,41.0,1.01,2.3,1.67,,29.8,18.2,24.5,574.88,531.35,2.6,54800.0,8.66,24.5,259.17,1.3,1.3,44.0,calendar year,290.79,263.27,8.577,17.1,100.0,43499000.0,1070000.0,10600.0,413200.0,371100.0,229600.0,0.0,48.0,"62 00 N, 15 00 E","450,295 sq km","410,335 sq km","39,960 sq km","2,211 km","3,218 km","2,100 m",-2.4 m,68.7,23.8,7.5,6.4,0.0,1.1,519 sq km,Stockholm,"59 20 N, 18 03 E",Monarchy,18.0,149.0,82.0,2.0,573134.0,10910.0,2052.0,1626.0,,,
SWITZERLAND,,,,,,8563760.0,0.78,10.2,8.4,6.0,44.0,0.99,3.0,1.59,,28.1,22.9,9.1,,,,,,9.1,,,,,,,,,,,,,,,,,,,"47 00 N, 8 00 E","41,277 sq km","39,997 sq km","1,280 sq km","1,770 km",0 km,"4,634 m",195 m,31.5,29.8,38.7,10.2,0.6,27.9,327 sq km,Bern,"46 55 N, 7 28 E",Republic,18.0,,,,,,,,,,
SYRIA,2821171.0,16990714.0,.sy,8492468.0,1549356.0,22933531.0,6.39,22.2,4.1,45.8,23.9,1.01,15.5,2.74,86.4,91.7,81.0,26.2,50.28,24.6,-3.87,2900.0,10.57,26.2,1.16,8.7,-8.7,94.8,calendar year,1.85,6.28,514.6,82.5,88.0,10082000.0,0.0,80800.0,111600.0,12520.0,38080.0,3531077000.0,26.0,"35 00 N, 38 00 E","187,437 sq km","185,887 sq km","1,550 sq km","2,363 km",193 km,"2,814 m",-66 m,2.7,21.5,75.8,25.4,5.8,44.6,"13,100 sq km",Damascus,"33 30 N, 36 18 E",Republic,18.0,29.0,61.0,6.0,69873.0,2052.0,900.0,3170.0,2029.0,,
TAIWAN,13000000.0,30000000.0,.tw,21600000.0,5831470.0,23588613.0,0.03,7.3,8.0,1.0,44.0,0.97,3.9,1.09,98.5,99.7,97.3,,1143.0,611.39,2.71,47800.0,3.73,,94.94,0.1,-0.1,35.7,calendar year,388.49,308.74,28.211,1.5,,57738000.0,5955000.0,800.0,924000.0,349600.0,418300.0,150589000.0,279.0,"23 30 N, 121 00 E","35,980 sq km","32,260 sq km","3,720 sq km",0 km,"1,566.3 km","3,952 m",0 m,,77.3,22.7,16.9,5.8,,"3,820 sq km",Taipei,"25 02 N, 121 31 E",Republic,20.0,35.0,2.0,31.0,43206.0,,,2200.0,13500.0,,
TAJIKISTAN,500000.0,12000000.0,.tj,3009054.0,6000.0,9245937.0,1.94,26.4,4.9,2.0,22.7,1.01,23.1,3.6,99.8,99.8,99.7,17.4,38.06,2.52,9.2,3900.0,7.75,17.4,2.22,1.5,-1.5,50.4,calendar year,2.16,4.26,11.309,26.3,99.0,7114000.0,2103000.0,300.0,172.0,0.0,22460.0,18208000.0,7.0,"39 00 N, 71 00 E","144,100 sq km","141,510 sq km","2,590 sq km","4,130 km",0 km,"7,495 m",300 m,2.9,62.4,34.7,6.1,0.9,27.7,"5,690 sq km",Dushanbe,"38 33 N, 68 46 E",Republic,18.0,17.0,7.0,,30000.0,680.0,200.0,549.0,38.0,,
TANZANIA,72000.0,54000000.0,.tz,20480000.0,1135608.0,65642682.0,2.75,32.9,5.0,0.4,18.9,1.0,30.3,4.33,81.8,14.0,3.4,4.6,159.33,60.63,4.28,2600.0,2.65,4.6,8.97,1.8,-1.8,37.0,1 July - 30 June,8.55,9.18,2.0,26.4,42.0,1623000.0,712000.0,0.0,,,67830.0,1378773000.0,11.0,"6 00 S, 35 00 E","947,300 sq km","885,800 sq km","61,500 sq km","4,161 km","1,424 km","5,895 m",0 m,37.3,19.0,43.7,14.3,2.3,27.1,"1,840 sq km","Dodoma; note - Dodoma was designated the national capital in 1996; Dar es Salaam, the original national capital, is the country’s","6 48 S, 39 17 E",Republic,18.0,10.0,156.0,,145203.0,4097.0,1594.0,311.0,891.0,,
THAILAND,4600000.0,120000000.0,.th,61200000.0,11478265.0,69794997.0,0.2,10.0,7.9,0.2,41.0,0.95,6.4,1.54,94.1,41.3,2.9,7.0,1223.0,543.8,1.53,17100.0,1.42,7.0,104.69,3.5,-3.5,50.4,1 October - 30 September,296.0,295.78,31.977,9.9,100.0,53130000.0,13251000.0,438200.0,1.0,278300.0,134200.0,38420517000.0,305.0,"15 00 N, 100 00 E","513,120 sq km","510,890 sq km","2,230 sq km","5,673 km","3,219 km","2,565 m",0 m,37.2,21.6,41.2,30.8,8.8,1.6,"64,150 sq km",Bangkok,"13 45 N, 100 31 E",Monarchy,18.0,63.0,38.0,7.0,180053.0,4127.0,4000.0,5900.0,1097.0,,
TIMOR-LESTE,1900.0,1400000.0,.tl,507000.0,75.0,1476042.0,2.1,30.4,5.6,3.8,20.3,0.99,32.9,4.09,68.1,67.6,10.8,13.8,6.65,2.77,5.29,5000.0,5.07,13.8,879.0,75.7,-75.7,3.8,calendar year,2.31,1.52,1.0,41.8,100.0,284000.0,,14000.0,,,3481.0,5104670000.0,538000.0,"8 50 S, 125 55 E","14,874 sq km","14,874 sq km",0 sq km,253 km,706 km,"2,963 m",0 m,49.1,25.8,25.1,10.1,4.9,10.1,350 sq km,Dili,"8 35 S, 125 36 E",Republic,17.0,2.0,4.0,8.0,6040.0,,,,,,
TOGO,54000.0,6300000.0,.tg,3010000.0,52706.0,8703961.0,2.45,31.4,5.2,1.8,20.5,0.97,39.8,4.18,66.5,12.3,1.2,9.7,18.37,5.23,5.26,2100.0,4.0,9.7,1.27,3.8,-3.8,75.7,calendar year,1.72,2.39,554.531,55.1,55.0,210000.0,0.0,0.0,,,13100.0,0.0,2.0,"8 00 N, 1 10 E","56,785 sq km","54,385 sq km","2,400 sq km","1,880 km",56 km,986 m,0 m,4.9,27.7,67.4,45.2,3.8,18.4,70 sq km,Lome,"6 07 N, 1 13 E",Republic,18.0,2.0,6.0,,9951.0,568.0,50.0,62.0,,,
TOKELAU,300.0,,.tk,800.0,,1647.0,0.01,,2021.0,3.84,,,,,,,,,7711583.0,12.66,,6004.0,2.0,,24324473.0,,,,1 April - 31 March,103000.0,15792720.0,1.543,,,,,,,,,,,"9 00 S, 172 00 W",12 sq km,12 sq km,0 sq km,0 km,101 km,5 m,0 m,0.0,40.0,60.0,0.0,60.0,0.0,0 sq km,,,Democracy,21.0,,,,10.0,,,,,,
TONGA,11000.0,64000.0,.to,73700.0,5000.0,105221.0,0.3,20.0,5.0,18.1,25.4,1.01,12.1,2.7,99.4,46.7,15.3,11.1,651.25,455.0,-2.67,6100.0,3.97,11.1,212.0,0.0,0.0,49.41,1 July - 30 June,58.74,285.68,2.265,22.5,100.0,26000.0,,0.0,0.0,0.0,910.0,,171000.0,"20 00 S, 175 00 W",747 sq km,717 sq km,30 sq km,0 km,419 km,"1,046 m",0 m,12.5,44.4,43.1,22.2,15.3,5.6,0 sq km,Nuku’alofa,"21 08 S, 175 12 W",Monarchy,21.0,1.0,5.0,,680.0,,,,,,
TRINIDAD AND TOBAGO,340000.0,2000000.0,.tt,1185000.0,376771.0,1407460.0,0.12,10.6,8.5,1.0,38.0,1.01,15.4,1.63,99.0,99.2,98.7,12.7,35.15,24.03,-1.03,23000.0,4.8,12.7,4.94,8.2,-8.2,41.8,1 October - 30 September,11.47,8.59,6.759,20.0,100.0,2123000.0,0.0,81000.0,134700.0,106100.0,0.0,30886691000.0,39.0,"11 00 N, 61 00 W","5,128 sq km","5,128 sq km",0 sq km,0 km,362 km,940 m,0 m,44.0,45.4,10.6,4.9,4.3,1.4,70 sq km,Port of Spain,"10 39 N, 61 31 W",Republic,18.0,2.0,2.0,,,,,257.0,,,
TUNISIA,1700000.0,16000000.0,.tn,9480000.0,1334059.0,11976182.0,0.63,14.1,6.4,1.3,34.0,0.98,11.6,1.96,82.7,47.2,2.0,38.3,127.51,38.88,4.32,10400.0,16.82,38.3,10.87,5.8,-5.8,70.3,calendar year,19.74,24.27,2.794,15.2,99.0,5777000.0,0.0,42500.0,27770.0,13660.0,85340.0,1025974000.0,23.0,"34 00 N, 9 00 E","163,610 sq km","155,360 sq km","8,250 sq km","1,495 km","1,148 km","1,544 m",-17 m,6.6,28.6,64.8,18.3,15.4,31.1,"3,920 sq km",Tunis,"36 48 N, 10 11 E",Republic,18.0,15.0,14.0,,,2173.0,,3111.0,1381.0,,
TURKEY (TURKIYE),12000000.0,86000000.0,.tr,68850000.0,16734853.0,83593483.0,0.64,14.0,6.1,1.5,33.6,1.01,18.9,1.91,96.7,21.4,29.9,24.3,2668.0,760.03,11.35,31500.0,13.39,24.3,210.54,1.5,-1.5,41.97,calendar year,282.85,285.58,8.85,14.4,100.0,96846000.0,78871000.0,70300.0,657900.0,141600.0,560000.0,469464000.0,391.0,"39 00 N, 35 00 E","783,562 sq km","769,632 sq km","13,930 sq km","2,816 km","7,200 km","5,137 m",0 m,14.9,35.4,49.7,26.7,4.0,19.0,"52,150 sq km",Ankara,"39 56 N, 32 52 E",Republic,18.0,91.0,7.0,20.0,67333.0,11497.0,1200.0,14666.0,3293.0,,
TURKMENISTAN,800000.0,6300000.0,.tm,1563023.0,10000.0,5690818.0,0.95,17.2,6.0,1.7,30.7,0.98,36.7,2.03,99.7,10.6,0.4,11.0,92.33,40.82,6.3,15000.0,5.08,11.0,5.95,2.8,-2.8,28.8,calendar year,7.46,4.57,4.125,0.2,100.0,5205000.0,,235300.0,191100.0,53780.0,0.0,83623000000.0,109.0,"40 00 N, 60 00 E","488,100 sq km","469,930 sq km","18,170 sq km","4,158 km",0 km,"3,139 m",,8.8,19.2,72.0,4.1,0.1,67.8,"19,950 sq km",Ashgabat,"37 57 N, 58 23 E",Republic,18.0,21.0,5.0,1.0,58592.0,5113.0,1300.0,7500.0,1501.0,,
TURKS AND CAICOS ISLANDS,4000.0,25085.0,.tc,37008.0,,59367.0,1.81,13.2,3.5,8.4,35.9,1.01,11.3,1.7,,,,,835.17,1.02,2.1,18500.0,10.0,,247.3,,,,calendar year,827.0,544.22,,,100.0,85000.0,,0.0,,,1369.0,,245000.0,"21 45 N, 71 35 W",948 sq km,948 sq km,0 sq km,0 km,389 km,48 m,0 m,36.2,62.7,1.1,1.1,0.0,0.0,0 sq km,Grand Turk,"21 28 N, 71 08 W",Democracy,18.0,6.0,2.0,,121.0,,,,,,
TUVALU,2000.0,9000.0,.tv,7920.0,450.0,11639.0,0.81,22.3,7.9,6.4,27.5,0.98,28.3,2.81,,49.8,21.3,20.6,55.17,40.0,2.99,4900.0,,20.6,87.0,25.6,25.6,37.0,calendar year,2.7,51.19,1.311,26.3,99.0,,,,,,,,,"8 00 S, 178 00 E",26 sq km,26 sq km,0 sq km,0 km,24 km,5 m,0 m,33.3,6.7,60.0,0.0,60.0,0.0,0 sq km,Funafuti; note - the capital is an atoll of some 29 islets; administrative offices are in Vaiaku Village on Fongafale Islet,"8 31 S, 179 13 E",Democracy,18.0,1.0,1.0,,8.0,,,,,,
UGANDA,110000.0,30000000.0,.ug,4600000.0,58594.0,47729952.0,3.22,40.3,4.9,3.2,16.1,0.95,29.4,5.26,79.0,13.0,3.7,4.3,103.01,34.68,3.54,2200.0,2.94,4.3,5.09,4.1,-4.1,44.19,1 July - 30 June,6.18,10.71,3.0,21.4,45.0,2397000.0,,0.0,,,31490.0,,5.0,"1 00 N, 32 00 E","241,038 sq km","197,100 sq km","43,938 sq km","2,729 km",0 km,"5,110 m",614 m,14.5,14.3,71.2,34.3,11.3,25.6,105 sq km,Kampala,"0 19 N, 32 33 E",Republic,18.0,5.0,42.0,,20544.0,1244.0,907.0,,,,
UKRAINE,2300000.0,56000000.0,.ua,34596356.0,7769401.0,43306477.0,2.33,5.8,19.8,37.3,45.3,1.0,9.0,1.22,100.0,40.0,11.5,16.5,379.89,155.08,3.4,10700.0,8.88,16.5,29.0,5.5,-5.5,58.72,calendar year,81.5,84.17,27.286,1.1,100.0,56816000.0,23908000.0,57700.0,63670.0,1828.0,167000.0,19511040000.0,185.0,"49 00 N, 32 00 E","603,550 sq km","579,330 sq km","24,220 sq km","5,581 km","2,782 km","2,061 m",0 m,16.8,12.0,71.2,56.1,1.5,13.6,"4,350 sq km",Kyiv,"50 26 N, 30 31 E",Republic,18.0,108.0,79.0,9.0,169694.0,21733.0,1672.0,36720.0,4514.0,,
UNITED ARAB EMIRATES,2200000.0,18000000.0,.ae,9400000.0,3245123.0,9973449.0,0.58,10.8,1.6,3.4,35.7,2.16,5.1,1.62,98.1,98.8,97.2,10.7,653.07,421.08,3.92,69700.0,3.36,10.7,129.74,0.2,-0.2,19.7,calendar year,335.24,246.89,3.673,19.5,100.0,35173000.0,0.0,3769100.0,943500.0,817700.0,392000.0,62889064000.0,276.0,"24 00 N, 54 00 E","83,600 sq km","83,600 sq km",0 sq km,"1,066 km","1,318 km","1,905 m",0 m,3.8,91.6,4.6,0.5,0.5,3.6,898 sq km,Abu Dhabi,"24 28 N, 54 22 E",Other,,25.0,18.0,5.0,4080.0,,,3277.0,3287.0,,
UNITED KINGDOM,26900000.0,80220000.0,.uk,65001016.0,27050000.0,68138484.0,0.49,10.8,9.1,3.2,40.6,,3.8,1.63,,17.3,13.5,13.2,3136.0,2828.0,4.1,46200.0,4.5,11.2,1116.0,,9.9,95.1,6 April - 5 April,468.2,580.7,0.73,,100.0,113153000.0,2892000.0,890400.0,1.0,613800.0,907500.0,32479999999.0,398.0,"54 00 N, 2 00 W","243,610 sq km","241,930 sq km","1,680 sq km",499 km,"12,429 km","1,345 m",-4 m,11.9,17.1,71.0,25.1,0.2,45.7,718 sq km,London,"51 30 N, 0 05 W",Monarchy,18.0,271.0,189.0,9.0,394428.0,16390.0,3200.0,502.0,,,
UNITED STATES,107280000.0,496800000.0,.us,311870000.0,119870000.0,339665118.0,0.68,12.2,8.4,3.0,38.5,0.97,5.1,1.84,,28.4,17.5,9.6,21132.0,23320.0,5.95,63700.0,3.9,8.6,6011.0,,15.7,127.1,1 October - 30 September,1645.0,2407.0,1.0,15.1,100.0,1147000000.0,485000000.0,18600000.0,20300000.0,5920000.0,2190000.0,967100000000.0,5006000000.0,"38 00 N, 97 00 W","9,833,517 sq km","9,147,593 sq km","685,924 sq km","12,002 km","19,924 km","6,190 m",-86 m,33.3,22.2,44.5,16.8,0.3,27.4,"234,782 sq km","Washington, DC","38 53 N, 77 02 W",Republic,18.0,5080.0,8977.0,5664.0,6586610.0,293564.0,41009.0,1984321.0,175000.0,240711.0,
URUGUAY,1200000.0,4700000.0,.uy,3060000.0,1063701.0,3416264.0,0.27,12.7,9.1,0.9,36.2,0.94,8.1,1.75,98.8,24.4,18.5,32.9,78.12,56.11,4.37,22800.0,10.45,32.9,14.99,3.5,-3.5,60.4,calendar year,18.82,15.05,43.555,8.8,100.0,5348000.0,,400.0,42220.0,0.0,9591.0,0.0,6.0,"33 00 S, 56 00 W","176,215 sq km","175,015 sq km","1,200 sq km","1,591 km",660 km,514 m,0 m,10.2,2.6,87.2,10.1,0.2,76.9,"2,380 sq km",Montevideo,"34 51 S, 56 10 W",Republic,18.0,11.0,122.0,,77732.0,1673.0,1600.0,257.0,160.0,,
UZBEKISTAN,3470097.0,35000000.0,.uz,26180000.0,4820009.0,31360836.0,1.61,22.2,5.2,0.9,28.7,1.01,18.9,2.92,100.0,34.0,1.1,16.0,270.06,57.79,7.42,7700.0,7.16,16.0,16.2,0.3,0.3,24.3,calendar year,16.4,27.77,10.0,14.1,99.0,16042000.0,3980000.0,5200.0,61740.0,3977.0,0.0,46968227000.0,102.0,"41 00 N, 64 00 E","447,400 sq km","425,400 sq km","22,000 sq km","6,893 km",0 km,"4,643 m",-12 m,7.7,29.7,62.6,10.1,0.8,51.7,"37,320 sq km",Tashkent,"41 19 N, 69 15 E",Republic,18.0,33.0,20.0,,86496.0,4642.0,1100.0,13700.0,944.0,,
VANUATU,3600.0,250000.0,.vu,211200.0,2785.0,313046.0,1.59,21.2,4.0,1.3,24.2,0.99,14.0,2.59,89.1,33.0,2.6,5.4,888.16,870.0,0.45,2800.0,2.18,5.4,398.0,0.9,-0.9,48.4,calendar year,88.81,495.86,109.453,,70.0,35000.0,,0.0,,,1073.0,,225000.0,"16 00 S, 167 00 E","12,189 sq km","12,189 sq km",0 sq km,0 km,"2,528 km","1,877 m",0 m,36.1,48.6,15.3,1.6,10.3,3.4,0 sq km,Port-Vila,"17 44 S, 168 19 E",Republic,18.0,3.0,28.0,,1070.0,,,,,,
VENEZUELA,3200000.0,17000000.0,.ve,22734162.0,2561556.0,30518260.0,2.4,17.0,6.6,13.6,30.8,0.99,14.1,2.2,97.5,97.4,97.7,14.9,269.07,210.1,-19.67,7704.0,6.41,14.9,30.0,46.1,-46.1,38.9,calendar year,83.4,18.43,9.975,33.1,99.0,32956000.0,396000.0,604800.0,926300.0,325800.0,20640.0,22694584000.0,103.0,"8 00 N, 66 00 W","912,050 sq km","882,050 sq km","30,000 sq km","5,267 km","2,800 km","4,978 m",0 m,52.1,23.4,24.5,3.1,0.8,20.6,"10,550 sq km",Caracas,"10 29 N, 66 52 W",Republic,18.0,127.0,317.0,3.0,96189.0,447.0,7100.0,5941.0,7588.0,,
VIETNAM,3100000.0,140000000.0,.vn,71780000.0,16699249.0,104799174.0,0.93,15.3,5.8,0.2,32.7,1.01,14.4,2.04,95.8,47.4,2.2,7.2,1036.0,259.96,2.56,10600.0,2.17,7.2,64.89,6.7,-6.7,58.5,calendar year,339.98,338.02,23.0,6.7,100.0,65283000.0,47789000.0,197700.0,153800.0,25620.0,282800.0,8438095000.0,249.0,"16 10 N, 107 50 E","331,210 sq km","310,070 sq km","21,140 sq km","4,616 km","3,444 km","3,144 m",0 m,45.0,20.2,34.8,20.6,12.1,2.1,"46,000 sq km",Hanoi,"21 02 N, 105 51 E",Communist,18.0,38.0,7.0,1.0,195468.0,2600.0,47130.0,72.0,,,
VIRGIN ISLANDS,76000.0,80000.0,.vi,67508.0,,104917.0,0.49,11.4,9.0,7.3,42.7,0.9,7.5,1.98,,24.1,37.3,27.0,3.87,5.18,-2.15,37000.0,13.27,27.0,1.5,0.4,-0.4,53.3,1 October - 30 September,1.81,2.49,,28.9,100.0,321000.0,,0.0,,3285.0,23480.0,,2.0,"18 20 N, 64 50 W","1,910 sq km",346 sq km,"1,564 sq km",0 km,188 km,474 m,0 m,57.4,31.1,11.5,2.9,2.9,5.7,1 sq km,Charlotte Amalie,"18 21 N, 64 56 W",Republic,18.0,2.0,,,1260.0,,,,,,
WALLIS AND FUTUNA,3000.0,0.0,.wf,5496.0,,15929.0,0.23,12.1,5.9,3.8,35.8,1.06,3.9,1.71,,,,,60.0,195.0,,3800.0,8.8,,32.54,0.8,-0.8,5.6,calendar year,47450.0,61.17,110.2,,,,,,,,,,,"13 18 S, 176 12 W",142 sq km,142 sq km,0 sq km,0 km,129 km,522 m,0 m,41.9,15.3,42.8,7.1,35.7,0.0,0.6 sq km,Mata-Utu,"13 57 S, 171 56 W",Democracy,18.0,2.0,,,,,,,,,
WEST BANK,485829.0,4052966.0,.ps;,3938199.0,373050.0,3176549.0,2.1,28.3,3.5,3.9,21.7,1.03,16.1,3.54,97.5,98.8,96.2,39.6,27.78,9.83,7.05,5600.0,24.9,39.6,3.8,0.4,0.4,24.4,calendar year,3.18,10.24,3.606,18.0,100.0,215000.0,,0.0,,19.0,22740.0,,3.0,"32 00 N, 35 15 E","5,860 sq km","5,640 sq km",220 sq km,478 km,0 km,"1,020 m",-431 m,1.5,55.2,43.3,7.4,11.0,24.9,,,,,,2.0,,1.0,4686.0,,,,,,
WORLD,901317598.0,8.0,,,1.0,7979261010.0,1.03,18.1,7.7,,31.0,1.01,30.8,2.42,86.7,90.1,83.3,17.9,134080.0,80270.0,5.87,17000.0,6.18,17.9,21680.0,3.0,-3.0,67.2,,28108.0,27120162000000.0,,,91.0,,,,88.0,29.0,,,35551713000.0,,510.072 million sq km,148.94 million sq km,"361,899,999 sq km",,"356,000 km","8,849 m","-3,500 m",,,,,,,"3,242,917 sq km",,,,,,,6524.0,,1148186.0,2293412.0,,,,
YEMEN,1200000.0,15000000.0,.ye,8229624.0,391000.0,31565602.0,1.83,24.1,5.5,0.2,21.6,1.02,45.5,2.91,70.1,32.5,8.1,25.5,73.63,54.36,-5.9,2500.0,13.57,25.5,2.21,5.2,-5.2,74.5,calendar year,384.5,4.08,1.0,48.6,74.0,1772000.0,0.0,70100.0,20180.0,12670.0,75940.0,89906000.0,10.0,"15 00 N, 48 00 E","527,968 sq km","527,968 sq km",0 sq km,"1,601 km","1,906 km","3,666 m",0 m,1.0,54.5,44.5,2.2,0.6,41.7,"6,800 sq km",Sanaa,"15 21 N, 44 12 E",Other,18.0,17.0,40.0,,71300.0,,,641.0,1370.0,,
ZAMBIA,66000.0,20000000.0,.zm,3990000.0,82317.0,20216029.0,2.86,34.5,6.0,0.2,18.2,1.0,36.3,4.49,86.7,25.1,3.7,26.1,63.03,25.71,4.6,3200.0,13.03,26.1,4.76,7.3,-7.3,103.7,calendar year,11.72,7.7,20.018,54.4,46.0,3065000.0,1116000.0,0.0,13120.0,371.0,10150.0,,6.0,"15 00 S, 30 00 E","752,618 sq km","743,398 sq km","9,220 sq km","6,043.15 km",0 km,"2,330 m",329 m,66.3,2.0,31.7,4.8,0.0,26.9,"1,560 sq km",Lusaka,"15 25 S, 28 17 E",Republic,18.0,8.0,80.0,,67671.0,3126.0,2250.0,,771.0,,
ZIMBABWE,243421.0,14257590.0,.zw,5600000.0,203461.0,15418674.0,1.99,29.4,6.7,2.9,21.0,0.95,34.0,3.51,89.7,21.8,1.5,7.3,33.83,21.44,8.47,2100.0,5.17,7.3,17.0,9.6,-9.6,82.3,calendar year,5.26,5.49,88.552,38.3,48.0,2473000.0,3888000.0,800.0,,,26400.0,,7.0,"20 00 S, 30 00 E","390,757 sq km","386,847 sq km","3,910 sq km","3,229 km",0 km,"2,592 m",162 m,39.5,18.0,42.5,10.9,0.3,31.3,"1,740 sq km",Harare,"17 49 S, 31 02 E",Republic,18.0,17.0,179.0,,97267.0,3427.0,223.0,,,,
